RX,STIOCPMV,Index,Date,Time,FREQ[MHz],MEAS.F[kHz],LEVEL[dBm],AM-MOD./30Hz[%],AM-MOD./9960Hz[%],FREQ_30[Hz],FREQ_9960[Hz],FREQ_FM30[Hz],BEARING(from)[°],FM-DEV.[Hz],FM-INDEX,VOICE-MOD.[%],ID-MOD.[%],ID-F.[Hz],ID-CODE,ID-Per.[s],Last_ID[s],DotLen[ms],DashLen[ms],DotDashGap[ms],Lettergap[ms],SubCarr_K2[dB],SubCarr_K3[dB],SubCarr_K4[dB],SubCarr_K5[dB],AM60Hz[%],AM1k44[%],AM1k50[%],No.Of Segm,GPS_lat.,GPS_long.,GPS_alt[m],GPS_speed[km/h],GPS_date,GPS_time,GPS_Sat,GPS_Status,GPS_Fix,GPS_HDOP,GPS_VDOP,GPS_Und.[m],Temp[°C],IFBW Manual,MeasTime[ms],ATT.MODE,BaseBand_Lev[V],BaseBand_DC[V],TrigCounter,I/Q_Position,I/Q_Samples,x
1,  I   M ,1952,23.07.2024,16:44:15.803,117.0000,-0.0915,-97.82,15.85,57.49,29.42,9981.63,31.55,207.84,217.68,8.65,13.88,8.20,1010.5,----,-.--,-.--,-.-,-.-,-.-,-.-,2.07,3.53,4.57,5.15,6.54,16.70,17.51,48,06 59.49630908' S,107 33.97064546' E,680.62,1.42,23.07.2024,09:45:02.434,6,OK,GPS,1.13,1.98,1.60,54,25KHZ,250,Auto:Low Noise+,-.---,-.---,0,-,0,
1,  I   M ,1953,23.07.2024,16:44:16.053,117.0000,-0.0230,-97.98,14.60,58.63,30.53,9907.24,31.29,19.43,140.73,5.10,13.01,8.12,1030.0,----,-.--,-.--,-.-,-.-,-.-,-.-,1.88,3.31,4.40,5.07,8.58,15.82,15.63,48,06 59.49646408' S,107 33.97056796' E,680.35,1.61,23.07.2024,09:45:02.684,6,OK,GPS,1.13,1.98,1.60,54,25KHZ,250,Auto:Low Noise+,-.---,-.---,0,-,0,
1,  I   M ,1954,23.07.2024,16:44:16.303,117.0000,0.0522,-97.96,17.17,58.66,29.95,9941.86,29.45,14.59,200.35,7.17,12.37,7.24,1038.6,----,-.--,-.--,-.-,-.-,-.-,-.-,1.82,3.21,4.33,5.08,8.89,14.16,16.52,48,06 59.49661908' S,107 33.97049046' E,680.07,1.81,23.07.2024,09:45:02.934,6,OK,GPS,1.13,1.98,1.60,54,25KHZ,250,Auto:Low Noise+,-.---,-.---,0,-,0,
1,  I   M ,1955,23.07.2024,16:44:16.553,117.0000,0.0665,-98.37,16.18,55.26,30.07,9979.91,36.05,146.73,188.72,5.51,12.73,7.92,1010.8,----,-.--,-.--,-.-,-.-,-.-,-.-,1.81,3.16,4.31,5.10,8.22,18.51,19.13,48,06 59.49614656' S,107 33.97051952' E,680.03,0.80,23.07.2024,09:45:03.184,6,OK,GPS,1.13,1.98,1.60,54,25KHZ,250,Auto:Low Noise+,-.---,-.---,0,-,0,
1,  I     ,1956,23.07.2024,16:44:16.803,117.0000,0.0175,-98.35,21.46,57.52,29.61,9963.55,36.77,73.02,162.06,4.74,12.80,7.42,1011.2,----,-.--,-.--,-.-,-.-,-.-,-.-,1.80,3.08,4.29,5.14,10.15,15.70,16.76,48,06 59.49616906' S,107 33.97046452' E,679.81,0.74,23.07.2024,09:45:03.434,6,OK,GPS,1.13,1.98,1.60,54,25KHZ,250,Auto:Low Noise+,-.---,-.---,0,-,0,
1,  I   M ,1957,23.07.2024,16:44:17.053,117.0000,0.0006,-98.43,21.56,56.95,30.30,9949.43,23.17,353.84,227.03,10.03,13.77,5.81,1054.6,----,-.--,-.--,-.-,-.-,-.-,-.-,1.85,3.09,4.37,5.20,8.52,21.27,19.10,48,06 59.49619156' S,107 33.97040952' E,679.58,0.68,23.07.2024,09:45:03.684,6,OK,GPS,1.13,1.98,1.60,54,25KHZ,250,Auto:Low Noise+,-.---,-.---,0,-,0,
1,  I   M ,1958,23.07.2024,16:44:17.303,117.0000,0.0429,-98.14,15.61,56.95,29.92,9925.37,37.31,151.94,137.43,3.81,13.88,8.31,1035.6,----,-.--,-.--,-.-,-.-,-.-,-.-,1.88,3.09,4.29,5.20,4.60,15.34,16.11,48,06 59.49621406' S,107 33.97035452' E,679.36,0.62,23.07.2024,09:45:03.934,6,OK,GPS,1.13,1.98,1.60,54,25KHZ,250,Auto:Low Noise+,-.---,-.---,0,-,0,
1,  I   M ,1959,23.07.2024,16:44:17.553,117.0000,-0.1699,-98.02,18.02,58.09,30.33,10020.38,29.37,178.15,187.63,7.72,14.06,9.41,1048.9,----,-.--,-.--,-.-,-.-,-.-,-.-,1.85,3.05,4.19,5.06,9.44,16.41,15.29,48,06 59.49673384' S,107 33.97069024' E,679.49,1.59,23.07.2024,09:45:04.184,6,OK,GPS,1.13,1.98,1.60,54,25KHZ,250,Auto:Low Noise+,-.---,-.---,0,-,0,
1,  I   M ,1960,23.07.2024,16:44:17.803,117.0000,-0.0318,-98.20,22.74,58.03,29.60,9899.66,31.87,169.07,140.16,5.59,12.48,7.27,1030.1,----,-.--,-.--,-.-,-.-,-.-,-.-,1.92,3.07,4.25,5.05,10.08,16.94,17.59,48,06 59.49686134' S,107 33.97071774' E,679.34,1.75,23.07.2024,09:45:04.434,6,OK,GPS,1.13,1.98,1.60,54,25KHZ,250,Auto:Low Noise+,-.---,-.---,0,-,0,
1,  I     ,1961,23.07.2024,16:44:18.053,117.0000,0.0361,-98.21,15.44,59.11,29.65,9927.13,26.52,358.59,192.70,7.05,13.40,6.90,1040.5,----,-.--,-.--,-.-,-.-,-.-,-.-,2.02,3.14,4.27,5.06,6.46,16.46,15.96,48,06 59.49698884' S,107 33.97074524' E,679.19,1.90,23.07.2024,09:45:04.684,6,OK,GPS,1.13,1.98,1.60,54,25KHZ,250,Auto:Low Noise+,-.---,-.---,0,-,0,
1,  I   M ,1962,23.07.2024,16:44:18.303,117.0000,-0.0547,-97.84,12.58,56.59,30.56,9892.67,30.78,253.97,259.88,8.79,13.52,7.46,1045.2,----,-.--,-.--,-.-,-.-,-.-,-.-,2.00,3.13,4.27,5.07,7.48,17.98,18.16,48,06 59.49711634' S,107 33.97077274' E,679.04,2.06,23.07.2024,09:45:04.934,6,OK,GPS,1.13,1.98,1.60,54,25KHZ,250,Auto:Low Noise+,-.---,-.---,0,-,0,
1,  I   M ,1963,23.07.2024,16:44:18.553,117.0000,0.0026,-98.25,17.29,58.79,29.72,9989.27,27.81,235.02,208.23,7.86,15.06,8.31,1011.8,----,-.--,-.--,-.-,-.-,-.-,-.-,1.87,3.08,4.19,5.01,6.53,18.96,18.77,48,06 59.49648608' S,107 33.97046872' E,679.48,0.69,23.07.2024,09:45:05.184,6,OK,GPS,1.13,1.98,1.60,54,25KHZ,250,Auto:Low Noise+,-.---,-.---,0,-,0,
1,  I   M ,1964,23.07.2024,16:44:18.803,117.0000,-0.3581,-96.75,14.43,60.58,30.12,9871.88,28.14,341.95,161.81,6.50,16.02,9.78,1014.5,----,-.--,-.--,-.-,-.-,-.-,-.-,1.96,3.19,4.27,5.11,16.98,16.61,14.77,48,06 59.49645358' S,107 33.97042622' E,679.46,0.52,23.07.2024,09:45:05.434,6,OK,GPS,1.13,1.98,1.60,54,25KHZ,250,Auto:Low Noise+,-.---,-.---,0,-,0,
1,  I   M ,1965,23.07.2024,16:44:19.053,117.0000,-0.1366,-97.38,16.57,58.47,30.47,10014.59,27.77,348.53,227.40,10.19,12.45,7.75,1030.1,----,-.--,-.--,-.-,-.-,-.-,-.-,1.98,3.23,4.33,5.19,19.39,18.05,18.08,48,06 59.49642108' S,107 33.97038372' E,679.43,0.35,23.07.2024,09:45:05.684,6,OK,GPS,1.13,1.98,1.60,54,25KHZ,250,Auto:Low Noise+,-.---,-.---,0,-,0,
1,  I   M ,1966,23.07.2024,16:44:19.303,117.0000,-0.1567,-97.60,17.53,56.88,30.26,9972.55,34.85,297.07,136.82,4.17,13.22,7.04,1005.5,----,-.--,-.--,-.-,-.-,-.-,-.-,2.06,3.26,4.45,5.29,10.99,15.75,17.74,48,06 59.49638858' S,107 33.97034122' E,679.41,0.19,23.07.2024,09:45:05.934,6,OK,GPS,1.13,1.98,1.60,54,25KHZ,250,Auto:Low Noise+,-.---,-.---,0,-,0,
1,  I   M ,1967,23.07.2024,16:44:19.553,117.0000,-0.1109,-97.49,16.91,59.08,29.68,9989.79,30.68,227.59,202.68,7.00,13.43,7.50,1039.3,----,-.--,-.--,-.-,-.-,-.-,-.-,2.04,3.30,4.46,5.34,12.76,18.03,17.84,48,06 59.49684152' S,107 33.97005008' E,678.20,1.20,23.07.2024,09:45:06.184,6,OK,GPS,1.13,1.98,1.60,54,25KHZ,250,Auto:Low Noise+,-.---,-.---,0,-,0,
1,  I   M ,1968,23.07.2024,16:44:19.803,117.0000,-0.1400,-97.76,20.43,59.46,30.10,9899.71,34.71,211.12,102.52,3.73,11.77,7.23,1043.9,----,-.--,-.--,-.-,-.-,-.-,-.-,2.02,3.40,4.47,5.39,8.49,13.83,12.24,48,06 59.49691152' S,107 33.96995508' E,677.92,1.29,23.07.2024,09:45:06.434,6,OK,GPS,1.13,1.98,1.60,53,25KHZ,250,Auto:Low Noise+,-.---,-.---,0,-,0,
1,  I   M ,1969,23.07.2024,16:44:20.053,117.0000,-0.1862,-98.11,20.45,56.10,29.38,10024.06,31.67,189.34,169.45,5.67,13.53,7.44,1011.9,----,-.--,-.--,-.-,-.-,-.-,-.-,2.04,3.42,4.47,5.40,6.95,17.19,16.87,48,06 59.49698152' S,107 33.96986008' E,677.65,1.37,23.07.2024,09:45:06.684,6,OK,GPS,1.13,1.98,1.60,53,25KHZ,250,Auto:Low Noise+,-.---,-.---,0,-,0,
1,  I   M ,1970,23.07.2024,16:44:20.303,117.0000,0.0289,-98.19,14.94,60.13,31.11,9893.42,28.98,204.05,139.57,5.25,15.97,8.63,1024.9,----,-.--,-.--,-.-,-.-,-.-,-.-,2.02,3.41,4.47,5.33,9.01,18.79,19.58,48,06 59.49705152' S,107 33.96976508' E,677.37,1.45,23.07.2024,09:45:06.934,6,OK,GPS,1.13,1.98,1.60,53,25KHZ,250,Auto:Low Noise+,-.---,-.---,0,-,0,
1,  I   M ,1971,23.07.2024,16:44:20.553,117.0000,-0.0609,-97.67,14.39,59.60,29.36,9902.86,33.74,31.26,128.89,4.21,14.33,9.92,1001.1,----,-.--,-.--,-.-,-.-,-.-,-.-,2.13,3.50,4.56,5.43,6.83,19.17,17.39,48,06 59.49673080' S,107 33.97026208' E,678.04,0.23,23.07.2024,09:45:07.184,6,OK,GPS,1.13,1.98,1.60,53,25KHZ,250,Auto:Low Noise+,-.---,-.---,0,-,0,
1,  I   M ,1972,23.07.2024,16:44:20.803,117.0000,-0.1270,-97.10,17.15,63.03,30.61,9918.79,29.48,345.35,155.14,7.42,17.81,9.85,989.5,----,-.--,-.--,-.-,-.-,-.-,-.-,2.16,3.52,4.58,5.47,13.98,18.00,17.93,48,06 59.49671830' S,107 33.97029208' E,677.97,0.04,23.07.2024,09:45:07.434,6,OK,GPS,1.13,1.98,1.60,53,25KHZ,250,Auto:Low Noise+,-.---,-.---,0,-,0,
1,  I   M ,1973,23.07.2024,16:44:21.053,117.0000,-0.1122,-96.04,13.09,63.92,29.13,9911.24,29.44,182.68,194.97,7.20,13.36,8.28,1007.7,----,-.--,-.--,-.-,-.-,-.-,-.-,2.12,3.51,4.56,5.43,16.75,13.01,13.85,48,06 59.49670580' S,107 33.97032208' E,677.89,-0.15,23.07.2024,09:45:07.684,6,OK,GPS,1.13,1.98,1.60,53,25KHZ,250,Auto:Low Noise+,-.---,-.---,0,-,0,
1,  I   M ,1974,23.07.2024,16:44:21.303,117.0000,-0.3328,-96.93,13.19,63.65,25.95,9901.33,30.21,224.23,196.34,7.49,13.85,9.20,999.9,----,-.--,-.--,-.-,-.-,-.-,-.-,2.20,3.60,4.68,5.54,16.00,19.12,18.78,48,06 59.49669330' S,107 33.97035208' E,677.82,-0.34,23.07.2024,09:45:07.934,6,OK,GPS,1.13,1.98,1.60,53,25KHZ,250,Auto:Low Noise+,-.---,-.---,0,-,0,
1,  I   M ,1975,23.07.2024,16:44:21.553,117.0000,0.0561,-97.28,15.73,64.09,30.16,9878.76,30.17,194.12,202.51,7.17,11.81,6.64,1009.4,----,-.--,-.--,-.-,-.-,-.-,-.-,2.33,3.62,4.77,5.62,17.36,17.95,17.71,48,06 59.49640848' S,107 33.96952960' E,677.15,1.24,23.07.2024,09:45:08.184,6,OK,GPS,1.13,1.98,1.60,53,25KHZ,250,Auto:Low Noise+,-.---,-.---,0,-,0,
1,  I   M ,1976,23.07.2024,16:44:21.803,117.0000,-0.1630,-97.77,17.98,61.04,30.06,9931.99,27.65,332.81,195.75,7.81,14.72,9.56,995.9,----,-.--,-.--,-.-,-.-,-.-,-.-,2.40,3.68,4.87,5.70,12.46,17.52,16.63,48,06 59.49633848' S,107 33.96937960' E,676.95,1.42,23.07.2024,09:45:08.434,6,OK,GPS,1.13,1.98,1.60,53,25KHZ,250,Auto:Low Noise+,-.---,-.---,0,-,0,
1,  I   M ,1977,23.07.2024,16:44:22.052,117.0000,0.0722,-96.95,13.45,63.30,29.73,9925.48,31.31,33.75,180.77,6.28,18.85,12.64,1038.1,----,-.--,-.--,-.-,-.-,-.-,-.-,2.43,3.73,4.97,5.82,13.08,17.54,18.78,48,06 59.49626876' S,107 33.96923020' E,676.75,1.60,23.07.2024,09:45:08.683,6,OK,GPS,1.13,1.98,1.60,54,25KHZ,250,Auto:Low Noise+,-.---,-.---,0,-,0,
1,  I   M ,1978,23.07.2024,16:44:22.302,117.0000,0.0881,-96.46,14.77,61.48,30.20,9902.07,30.85,340.42,212.96,7.97,14.34,8.12,1020.5,----,-.--,-.--,-.-,-.-,-.-,-.-,2.61,3.84,5.06,5.92,19.91,15.18,15.96,48,06 59.49619876' S,107 33.96908020' E,676.55,1.78,23.07.2024,09:45:08.933,6,OK,GPS,1.13,1.98,1.60,54,25KHZ,250,Auto:Low Noise+,-.---,-.---,0,-,0,
1,  I   M ,1979,23.07.2024,16:44:22.552,117.0000,-0.2645,-97.01,14.94,62.97,30.31,9897.83,31.08,27.29,194.16,7.89,14.73,10.06,987.9,----,-.--,-.--,-.-,-.-,-.-,-.-,2.70,3.86,5.11,5.95,25.46,20.18,18.15,48,06 59.49611693' S,107 33.96946255' E,675.76,1.36,23.07.2024,09:45:09.183,6,OK,GPS,1.13,1.98,1.60,54,25KHZ,250,Auto:Low Noise+,-.---,-.---,0,-,0,
1,  I   M ,1980,23.07.2024,16:44:22.802,117.0000,-0.2029,-96.86,13.93,62.32,29.87,9943.33,24.37,150.24,101.74,4.93,13.97,8.06,1017.1,----,-.--,-.--,-.-,-.-,-.-,-.-,2.62,3.78,5.05,5.86,21.91,15.38,14.84,48,06 59.49604443' S,107 33.96942505' E,675.44,1.42,23.07.2024,09:45:09.433,6,OK,GPS,1.13,1.98,1.60,54,25KHZ,250,Auto:Low Noise+,-.---,-.---,0,-,0,
1,  I   M ,1981,23.07.2024,16:44:23.052,117.0000,-0.0762,-97.69,17.13,60.37,30.12,9973.74,28.59,165.40,156.49,7.93,13.04,9.14,1006.5,----,-.--,-.--,-.-,-.-,-.-,-.-,2.68,3.75,5.04,5.82,12.50,15.71,15.81,48,06 59.49597193' S,107 33.96938755' E,675.11,1.47,23.07.2024,09:45:09.683,6,OK,GPS,1.13,1.98,1.60,54,25KHZ,250,Auto:Low Noise+,-.---,-.---,0,-,0,
1,  I   M ,1982,23.07.2024,16:44:23.302,117.0000,0.1203,-97.48,13.03,59.92,33.07,9907.42,23.31,341.46,188.13,8.78,12.91,8.85,1005.1,----,-.--,-.--,-.-,-.-,-.-,-.-,2.51,3.60,4.85,5.63,11.85,18.81,18.31,48,06 59.49589943' S,107 33.96935005' E,674.79,1.53,23.07.2024,09:45:09.933,6,OK,GPS,1.13,1.98,1.60,54,25KHZ,250,Auto:Low Noise+,-.---,-.---,0,-,0,
1,  I   M ,1983,23.07.2024,16:44:23.552,117.0000,-0.1072,-97.60,19.40,60.24,30.64,9954.30,32.07,11.81,197.70,6.68,14.02,8.09,1039.3,----,-.--,-.--,-.-,-.-,-.-,-.-,2.44,3.60,4.80,5.63,11.89,14.24,15.20,48,06 59.49573229' S,107 33.96900497' E,675.17,1.96,23.07.2024,09:45:10.183,6,OK,GPS,1.13,1.98,1.60,54,25KHZ,250,Auto:Low Noise+,-.---,-.---,0,-,0,
1,  I     ,1984,23.07.2024,16:44:23.802,117.0000,0.2050,-97.77,14.88,60.24,29.61,9955.73,31.64,11.15,167.60,6.41,13.15,8.48,1017.3,----,-.--,-.--,-.-,-.-,-.-,-.-,2.35,3.55,4.74,5.55,10.87,15.45,15.59,48,06 59.49563979' S,107 33.96890247' E,675.00,2.10,23.07.2024,09:45:10.433,6,OK,GPS,1.13,1.98,1.60,54,25KHZ,250,Auto:Low Noise+,-.---,-.---,0,-,0,
1,  I   M ,1985,23.07.2024,16:44:24.052,117.0000,-0.1076,-97.26,18.87,56.73,30.41,9927.24,34.37,20.65,148.29,5.04,12.98,7.46,1039.6,----,-.--,-.--,-.-,-.-,-.-,-.-,2.39,3.60,4.76,5.53,9.39,16.17,16.26,48,06 59.49554729' S,107 33.96879997' E,674.82,2.24,23.07.2024,09:45:10.683,6,OK,GPS,1.13,1.98,1.60,54,25KHZ,250,Auto:Low Noise+,-.---,-.---,0,-,0,
1,  I   M ,1986,23.07.2024,16:44:24.302,117.0000,0.1507,-97.82,14.93,58.94,29.75,9956.51,29.17,189.09,150.50,5.41,11.41,8.37,1004.5,----,-.--,-.--,-.-,-.-,-.-,-.-,2.25,3.54,4.73,5.48,15.38,13.39,13.33,48,06 59.49545479' S,107 33.96869747' E,674.65,2.37,23.07.2024,09:45:10.933,6,OK,GPS,1.13,1.98,1.60,54,25KHZ,250,Auto:Low Noise+,-.---,-.---,0,-,0,
1,  I   M ,1987,23.07.2024,16:44:24.552,117.0000,-0.1703,-98.02,20.70,54.54,29.95,9969.03,33.98,174.13,171.20,5.54,13.57,7.35,1003.4,----,-.--,-.--,-.-,-.-,-.-,-.-,2.06,3.50,4.66,5.39,10.36,17.15,16.74,48,06 59.49556340' S,107 33.96902085' E,674.59,1.46,23.07.2024,09:45:11.183,5,OK,GPS,1.23,2.00,1.60,54,25KHZ,250,Auto:Low Noise+,-.---,-.---,0,-,0,
1,  I   M ,1988,23.07.2024,16:44:24.802,117.0000,-0.0696,-97.67,20.53,56.09,30.05,10000.12,27.44,202.06,193.29,8.06,11.63,8.53,1031.3,----,-.--,-.--,-.-,-.-,-.-,-.-,1.87,3.40,4.50,5.29,7.26,12.47,12.24,48,06 59.49551340' S,107 33.96900835' E,674.44,1.37,23.07.2024,09:45:11.433,5,OK,GPS,1.23,2.00,1.60,54,25KHZ,250,Auto:Low Noise+,-.---,-.---,0,-,0,
1,  I   M ,1989,23.07.2024,16:44:25.052,117.0000,0.2441,-98.37,19.62,55.58,29.71,9939.18,28.58,226.54,83.02,4.62,13.45,7.25,1009.1,----,-.--,-.--,-.-,-.-,-.-,-.-,1.79,3.36,4.45,5.32,7.01,15.14,16.23,48,06 59.49546340' S,107 33.96899585' E,674.29,1.29,23.07.2024,09:45:11.683,5,OK,GPS,1.23,2.00,1.60,54,25KHZ,250,Auto:Low Noise+,-.---,-.---,0,-,0,
1,  I   M ,1990,23.07.2024,16:44:25.302,117.0000,0.0461,-98.24,17.88,55.65,30.42,9874.19,30.67,249.99,147.08,5.18,12.95,8.32,1020.6,----,-.--,-.--,-.-,-.-,-.-,-.-,1.83,3.40,4.47,5.33,7.38,20.09,20.51,48,06 59.49541340' S,107 33.96898335' E,674.14,1.20,23.07.2024,09:45:11.933,5,OK,GPS,1.23,2.00,1.60,54,25KHZ,250,Auto:Low Noise+,-.---,-.---,0,-,0,
1,  I   M ,1991,23.07.2024,16:44:25.552,117.0000,-0.0833,-97.69,16.48,58.55,29.91,9909.78,33.85,339.19,143.22,4.83,16.06,8.23,990.0,----,-.--,-.--,-.-,-.-,-.-,-.-,1.76,3.27,4.39,5.27,8.47,21.15,21.74,48,06 59.49533974' S,107 33.96923111' E,674.35,1.25,23.07.2024,09:45:12.183,5,OK,GPS,1.23,2.00,1.60,54,25KHZ,250,Auto:Low Noise+,-.---,-.---,0,-,0,
1,  I   M ,1992,23.07.2024,16:44:25.802,117.0000,-0.2645,-97.91,22.11,58.68,30.15,9946.69,30.46,143.89,241.06,12.36,11.55,7.70,990.6,----,-.--,-.--,-.-,-.-,-.-,-.-,1.84,3.33,4.44,5.34,8.58,18.29,18.08,48,06 59.49528474' S,107 33.96927361' E,674.27,1.19,23.07.2024,09:45:12.433,5,OK,GPS,1.23,2.00,1.60,54,25KHZ,250,Auto:Low Noise+,-.---,-.---,0,-,0,
1,  I   M ,1993,23.07.2024,16:44:26.052,117.0000,-0.1353,-97.89,17.69,58.59,29.78,9875.24,35.99,178.52,149.16,4.47,16.02,9.96,1027.7,----,-.--,-.--,-.-,-.-,-.-,-.-,1.67,3.20,4.39,5.27,8.62,20.26,18.98,48,06 59.49522974' S,107 33.96931611' E,674.20,1.13,23.07.2024,09:45:12.683,5,OK,GPS,1.23,2.00,1.60,54,25KHZ,250,Auto:Low Noise+,-.---,-.---,0,-,0,
1,  I   M ,1994,23.07.2024,16:44:26.302,117.0000,0.0852,-96.35,13.37,61.67,30.24,9955.30,31.16,340.40,145.98,7.35,13.77,9.45,1007.4,----,-.--,-.--,-.-,-.-,-.-,-.-,1.74,3.27,4.42,5.26,20.95,11.95,13.14,48,06 59.49517474' S,107 33.96935861' E,674.12,1.07,23.07.2024,09:45:12.933,5,OK,GPS,1.23,2.00,1.60,54,25KHZ,250,Auto:Low Noise+,-.---,-.---,0,-,0,
1,  I     ,1995,23.07.2024,16:44:26.552,117.0000,0.0659,-97.33,14.24,59.72,30.01,9942.02,26.11,200.28,173.32,9.47,12.48,5.73,1000.0,----,-.--,-.--,-.-,-.-,-.-,-.-,1.83,3.32,4.44,5.28,9.34,15.81,16.34,48,06 59.49535632' S,107 33.96915264' E,673.93,0.85,23.07.2024,09:45:13.184,5,OK,GPS,1.23,2.00,1.60,54,25KHZ,250,Auto:Low Noise+,-.---,-.---,0,-,0,
1,  I   M ,1996,23.07.2024,16:44:26.802,117.0000,-0.0360,-97.43,14.66,60.08,29.95,9904.62,31.16,350.76,155.04,5.50,13.03,8.27,980.3,----,-.--,-.--,-.-,-.-,-.-,-.-,1.90,3.33,4.46,5.23,11.10,19.41,19.96,48,06 59.49535132' S,107 33.96914264' E,673.83,0.76,23.07.2024,09:45:13.434,5,OK,GPS,1.23,2.00,1.60,54,25KHZ,250,Auto:Low Noise+,-.---,-.---,0,-,0,
1,  I   M ,1997,23.07.2024,16:44:27.052,117.0000,-0.3295,-97.43,18.45,59.17,29.92,9904.05,30.64,344.27,163.59,6.59,12.92,7.47,1014.2,----,-.--,-.--,-.-,-.-,-.-,-.-,2.02,3.51,4.64,5.36,6.81,17.32,18.09,48,06 59.49534632' S,107 33.96913264' E,673.73,0.67,23.07.2024,09:45:13.684,5,OK,GPS,1.23,2.00,1.60,54,25KHZ,250,Auto:Low Noise+,-.---,-.---,0,-,0,
1,  I   M ,1998,23.07.2024,16:44:27.302,117.0000,-0.1081,-97.48,17.22,60.99,29.97,9958.04,30.33,182.41,190.70,7.03,11.86,7.09,1015.4,----,-.--,-.--,-.-,-.-,-.-,-.-,2.04,3.59,4.73,5.44,4.52,21.36,17.13,48,06 59.49534132' S,107 33.96912264' E,673.63,0.58,23.07.2024,09:45:13.934,5,OK,GPS,1.23,2.00,1.60,54,25KHZ,250,Auto:Low Noise+,-.---,-.---,0,-,0,
1,  I   M ,1999,23.07.2024,16:44:27.552,117.0000,0.1236,-97.92,15.53,60.22,30.18,9879.47,32.15,240.98,146.36,4.81,12.13,8.70,1016.8,----,-.--,-.--,-.-,-.-,-.-,-.-,2.13,3.64,4.79,5.48,7.62,19.66,17.70,48,06 59.49541920' S,107 33.96876928' E,673.29,0.51,23.07.2024,09:45:14.184,5,OK,GPS,1.23,2.00,1.60,54,25KHZ,250,Auto:Low Noise+,-.---,-.---,0,-,0,
1,  I   M ,2000,23.07.2024,16:44:27.802,117.0000,0.0912,-97.43,13.60,58.18,30.03,9931.38,31.30,188.01,150.32,5.42,13.49,9.16,1026.0,----,-.--,-.--,-.-,-.-,-.-,-.-,2.17,3.72,4.82,5.57,5.99,13.64,14.10,48,06 59.49543170' S,107 33.96868678' E,673.14,0.42,23.07.2024,09:45:14.434,5,OK,GPS,1.23,2.00,1.60,54,25KHZ,250,Auto:Low Noise+,-.---,-.---,0,-,0,
1,  I   M ,2001,23.07.2024,16:44:28.052,117.0000,0.0078,-97.53,15.57,60.05,25.98,9930.14,31.86,172.56,157.04,8.90,13.13,8.98,1023.9,----,-.--,-.--,-.-,-.-,-.-,-.-,2.24,3.80,4.90,5.66,8.60,14.78,17.06,48,06 59.49544420' S,107 33.96860428' E,672.99,0.34,23.07.2024,09:45:14.684,5,OK,GPS,1.23,2.00,1.60,54,25KHZ,250,Auto:Low Noise+,-.---,-.---,0,-,0,
1,  I     ,2002,23.07.2024,16:44:28.302,117.0000,-0.0544,-97.34,15.90,57.87,30.03,9964.77,31.76,42.86,214.45,7.28,12.28,8.10,1020.1,----,-.--,-.--,-.-,-.-,-.-,-.-,2.08,3.60,4.79,5.56,6.58,18.15,18.33,48,06 59.49545670' S,107 33.96852178' E,672.84,0.25,23.07.2024,09:45:14.934,5,OK,GPS,1.23,2.00,1.60,54,25KHZ,250,Auto:Low Noise+,-.---,-.---,0,-,0,
1,  I     ,2003,23.07.2024,16:44:28.552,117.0000,-0.1164,-97.41,15.79,59.38,29.88,9968.59,29.77,288.37,146.63,8.10,13.50,7.19,1024.2,----,-.--,-.--,-.-,-.-,-.-,-.-,2.04,3.50,4.74,5.50,9.69,15.50,16.83,48,06 59.49484168' S,107 33.96864056' E,672.93,1.51,23.07.2024,09:45:15.184,5,OK,GPS,1.23,2.00,1.60,54,25KHZ,250,Auto:Low Noise+,-.---,-.---,0,-,0,
1,  I   M ,2004,23.07.2024,16:44:28.802,117.0000,-0.1346,-97.48,13.94,61.59,29.97,9900.39,28.84,23.17,134.61,5.45,13.24,8.46,1032.9,----,-.--,-.--,-.-,-.-,-.-,-.-,1.95,3.49,4.73,5.53,8.33,14.02,14.01,48,06 59.49472168' S,107 33.96860056' E,672.83,1.71,23.07.2024,09:45:15.434,5,OK,GPS,1.23,2.00,1.60,54,25KHZ,250,Auto:Low Noise+,-.---,-.---,0,-,0,
1,  I   M ,2005,23.07.2024,16:44:29.052,117.0000,-0.1327,-97.36,16.97,61.28,30.29,9936.39,27.50,228.38,171.04,7.95,12.32,5.72,1064.8,----,-.--,-.--,-.-,-.-,-.-,-.-,1.87,3.42,4.60,5.46,7.88,17.11,16.54,48,06 59.49460168' S,107 33.96856056' E,672.73,1.91,23.07.2024,09:45:15.684,5,OK,GPS,1.23,2.00,1.60,54,25KHZ,250,Auto:Low Noise+,-.---,-.---,0,-,0,
1,  I   M ,2006,23.07.2024,16:44:29.302,117.0000,-0.2198,-97.86,16.59,56.97,30.08,9961.76,29.58,277.67,158.63,5.33,11.16,6.38,1002.3,----,-.--,-.--,-.-,-.-,-.-,-.-,1.84,3.39,4.52,5.41,7.51,15.29,15.22,48,06 59.49448168' S,107 33.96852056' E,672.63,2.11,23.07.2024,09:45:15.934,5,OK,GPS,1.23,2.00,1.60,54,25KHZ,250,Auto:Low Noise+,-.---,-.---,0,-,0,
1,  I   M ,2007,23.07.2024,16:44:29.552,117.0000,0.1144,-97.90,18.51,57.25,30.29,9950.34,34.22,350.16,208.08,6.85,17.79,9.84,1011.1,----,-.--,-.--,-.-,-.-,-.-,-.-,1.75,3.32,4.45,5.33,5.58,22.49,18.86,48,06 59.49465768' S,107 33.96861080' E,672.17,1.41,23.07.2024,09:45:16.184,5,OK,GPS,1.23,2.00,1.60,54,25KHZ,250,Auto:Low Noise+,-.---,-.---,0,-,0,
1,  I   M ,2008,23.07.2024,16:44:29.802,117.0000,0.0522,-96.08,12.71,63.08,29.18,9892.21,29.28,213.07,238.20,9.04,15.58,8.68,1027.0,----,-.--,-.--,-.-,-.-,-.-,-.-,1.78,3.20,4.38,5.25,19.83,16.34,15.57,48,06 59.49460018' S,107 33.96859830' E,672.00,1.41,23.07.2024,09:45:16.434,5,OK,GPS,1.23,2.00,1.60,54,25KHZ,250,Auto:Low Noise+,-.---,-.---,0,-,0,
1,  I   M ,2009,23.07.2024,16:44:30.052,117.0000,-0.4946,-96.92,16.46,60.21,30.40,9952.82,34.07,9.91,217.03,6.39,11.24,6.64,1019.6,----,-.--,-.--,-.-,-.-,-.-,-.-,1.86,3.24,4.36,5.29,12.34,14.44,14.36,48,06 59.49454268' S,107 33.96858580' E,671.82,1.42,23.07.2024,09:45:16.684,5,OK,GPS,1.23,2.00,1.60,54,25KHZ,250,Auto:Low Noise+,-.---,-.---,0,-,0,
1,  I     ,2010,23.07.2024,16:44:30.302,117.0000,-0.0199,-97.07,20.71,59.88,29.72,9923.78,32.52,164.45,200.72,6.71,15.51,8.65,987.8,----,-.--,-.--,-.-,-.-,-.-,-.-,1.94,3.40,4.47,5.43,7.22,17.60,16.15,48,06 59.49448518' S,107 33.96857330' E,671.65,1.43,23.07.2024,09:45:16.934,5,OK,GPS,1.23,2.00,1.60,54,25KHZ,250,Auto:Low Noise+,-.---,-.---,0,-,0,
1,  I   M ,2011,23.07.2024,16:44:30.552,117.0000,0.0304,-96.40,12.03,62.85,30.36,9931.69,27.52,167.83,205.49,10.87,14.77,8.48,1033.4,----,-.--,-.--,-.-,-.-,-.-,-.-,1.97,3.49,4.58,5.54,25.24,16.29,17.11,48,06 59.49519728' S,107 33.96837136' E,671.83,0.24,23.07.2024,09:45:17.184,5,OK,GPS,1.23,2.00,1.60,54,25KHZ,250,Auto:Low Noise+,-.---,-.---,0,-,0,
1,  I   M ,2012,23.07.2024,16:44:30.802,117.0000,-0.1904,-96.22,13.72,60.79,29.88,9886.76,33.25,187.65,155.94,5.16,13.70,9.81,996.4,----,-.--,-.--,-.-,-.-,-.-,-.-,2.26,3.72,4.81,5.69,16.98,17.89,16.21,48,06 59.49530228' S,107 33.96831886' E,671.73,0.00,23.07.2024,09:45:17.434,5,OK,GPS,1.23,2.00,1.60,54,25KHZ,250,Auto:Low Noise+,-.---,-.---,0,-,0,
1,  I   M ,2013,23.07.2024,16:44:31.052,117.0000,-0.0797,-96.17,12.12,61.70,30.04,9897.59,28.22,124.15,195.07,7.46,12.93,7.62,1004.7,----,-.--,-.--,-.-,-.-,-.-,-.-,2.24,3.69,4.89,5.68,18.85,16.28,14.80,48,06 59.49540728' S,107 33.96826636' E,671.63,-0.24,23.07.2024,09:45:17.684,5,OK,GPS,1.23,2.00,1.60,54,25KHZ,250,Auto:Low Noise+,-.---,-.---,0,-,0,
1,  I   M ,2014,23.07.2024,16:44:31.302,117.0000,0.0489,-96.82,16.18,60.98,30.51,9891.53,31.59,23.78,180.49,6.17,14.40,9.98,1007.9,----,-.--,-.--,-.-,-.-,-.-,-.-,2.29,3.73,4.99,5.79,12.36,20.84,17.06,48,06 59.49551228' S,107 33.96821386' E,671.53,-0.49,23.07.2024,09:45:17.934,5,OK,GPS,1.23,2.00,1.60,54,25KHZ,250,Auto:Low Noise+,-.---,-.---,0,-,0,
1,  I     ,2015,23.07.2024,16:44:31.552,117.0000,-0.0797,-96.30,16.12,63.71,29.59,9937.77,28.62,135.56,225.94,8.25,14.60,10.32,994.8,----,-.--,-.--,-.-,-.-,-.-,-.-,2.36,3.79,5.07,5.86,21.56,13.64,13.72,48,06 59.49522656' S,107 33.96816136' E,671.43,0.38,23.07.2024,09:45:18.184,5,OK,GPS,1.23,2.00,1.60,54,25KHZ,250,Auto:Low Noise+,-.---,-.---,0,-,0,
1,  I     ,2016,23.07.2024,16:44:31.802,117.0000,-0.0618,-97.12,18.39,58.98,29.40,9929.27,30.66,340.54,162.17,6.48,10.26,5.19,1016.9,----,-.--,-.--,-.-,-.-,-.-,-.-,2.38,3.87,5.15,5.89,12.15,12.64,13.75,48,06 59.49524906' S,107 33.96810886' E,671.33,0.37,23.07.2024,09:45:18.434,5,OK,GPS,1.23,2.00,1.60,54,25KHZ,250,Auto:Low Noise+,-.---,-.---,0,-,0,
1,  I   M ,2017,23.07.2024,16:44:32.052,117.0000,0.0495,-98.16,18.86,58.06,30.51,9906.89,31.34,11.80,150.67,5.41,12.79,7.06,1041.1,----,-.--,-.--,-.-,-.-,-.-,-.-,2.30,3.76,5.05,5.78,7.70,14.15,15.51,48,06 59.49527156' S,107 33.96805636' E,671.23,0.36,23.07.2024,09:45:18.684,5,OK,GPS,1.23,2.00,1.60,54,25KHZ,250,Auto:Low Noise+,-.---,-.---,0,-,0,
1,  I   M ,2018,23.07.2024,16:44:32.302,117.0000,-0.0142,-98.03,17.93,57.50,29.18,9908.04,36.25,8.93,191.82,5.60,12.30,6.76,1023.9,----,-.--,-.--,-.-,-.-,-.-,-.-,2.24,3.64,4.92,5.67,9.05,15.30,14.78,48,06 59.49529406' S,107 33.96800386' E,671.13,0.35,23.07.2024,09:45:18.934,5,OK,GPS,1.23,2.00,1.60,54,25KHZ,250,Auto:Low Noise+,-.---,-.---,0,-,0,
1,  I   M ,2019,23.07.2024,16:44:32.552,117.0000,-0.0526,-98.35,18.21,57.43,30.70,10023.26,28.63,13.74,226.16,8.78,13.54,7.35,994.0,----,-.--,-.--,-.-,-.-,-.-,-.-,2.20,3.59,4.85,5.63,7.97,17.36,17.38,48,06 59.49537576' S,107 33.96803424' E,671.14,0.22,23.07.2024,09:45:19.184,5,OK,GPS,1.23,2.00,1.60,54,25KHZ,250,Auto:Low Noise+,-.---,-.---,0,-,0,
1,  I   M ,2020,23.07.2024,16:44:32.802,117.0000,0.1581,-98.08,19.50,59.32,29.19,9893.74,33.12,194.60,183.10,6.05,12.27,8.93,1021.9,----,-.--,-.--,-.-,-.-,-.-,-.-,2.01,3.37,4.65,5.51,12.41,13.80,14.44,48,06 59.49541076' S,107 33.96799924' E,671.07,0.18,23.07.2024,09:45:19.434,5,OK,GPS,1.23,2.00,1.60,54,25KHZ,250,Auto:Low Noise+,-.---,-.---,0,-,0,
1,  I   M ,2021,23.07.2024,16:44:33.052,117.0000,-0.1545,-98.22,16.30,57.06,30.59,9976.27,26.97,12.76,248.14,9.83,14.43,7.96,1027.8,----,-.--,-.--,-.-,-.-,-.-,-.-,2.10,3.43,4.66,5.58,7.28,18.15,18.75,48,06 59.49544576' S,107 33.96796424' E,670.99,0.15,23.07.2024,09:45:19.684,5,OK,GPS,1.23,2.00,1.60,54,25KHZ,250,Auto:Low Noise+,-.---,-.---,0,-,0,
1,  I   M ,2022,23.07.2024,16:44:33.302,117.0000,0.1529,-97.87,20.01,56.24,29.93,9928.67,28.66,9.35,147.40,346.18,13.06,6.86,1022.2,----,-.--,-.--,-.-,-.-,-.-,-.-,1.99,3.37,4.59,5.46,8.34,15.24,18.25,48,06 59.49548076' S,107 33.96792924' E,670.92,0.11,23.07.2024,09:45:19.934,5,OK,GPS,1.23,2.00,1.60,54,25KHZ,250,Auto:Low Noise+,-.---,-.---,0,-,0,
1,  I     ,2023,23.07.2024,16:44:33.552,117.0000,-0.2142,-97.94,17.29,55.73,30.35,9873.52,34.57,205.18,150.14,4.51,13.41,8.11,1015.4,----,-.--,-.--,-.-,-.-,-.-,-.-,1.92,3.28,4.52,5.39,6.09,16.37,14.91,48,06 59.49553944' S,107 33.96813104' E,670.61,0.59,23.07.2024,09:45:20.184,5,OK,GPS,1.23,2.00,1.60,54,25KHZ,250,Auto:Low Noise+,-.---,-.---,0,-,0,
1,  I   M ,2024,23.07.2024,16:44:33.802,117.0000,-0.3796,-97.87,20.12,57.01,29.64,9963.92,25.72,321.31,158.71,6.92,13.13,7.32,1011.9,----,-.--,-.--,-.-,-.-,-.-,-.-,1.81,3.19,4.45,5.35,8.30,20.23,19.39,48,06 59.49557944' S,107 33.96814604' E,670.48,0.66,23.07.2024,09:45:20.434,5,OK,GPS,1.23,2.00,1.60,54,25KHZ,250,Auto:Low Noise+,-.---,-.---,0,-,0,
1,  I   M ,2025,23.07.2024,16:44:34.052,117.0000,-0.5783,-97.60,16.82,58.54,30.04,9951.66,31.34,51.69,175.56,16.29,13.01,7.88,989.9,----,-.--,-.--,-.-,-.-,-.-,-.-,1.95,3.33,4.58,5.45,6.31,16.57,15.84,48,06 59.49561944' S,107 33.96816104' E,670.36,0.74,23.07.2024,09:45:20.684,5,OK,GPS,1.23,2.00,1.60,54,25KHZ,250,Auto:Low Noise+,-.---,-.---,0,-,0,
1,  I   M ,2026,23.07.2024,16:44:34.302,117.0000,-0.5330,-97.72,17.47,55.52,30.46,10019.24,34.01,335.09,185.20,5.93,13.81,7.16,1033.3,----,-.--,-.--,-.-,-.-,-.-,-.-,2.00,3.36,4.61,5.52,10.54,16.49,15.50,48,06 59.49565944' S,107 33.96817604' E,670.23,0.81,23.07.2024,09:45:20.934,5,OK,GPS,1.23,2.00,1.60,54,25KHZ,250,Auto:Low Noise+,-.---,-.---,0,-,0,
1,  I   M ,2027,23.07.2024,16:44:34.552,117.0000,-0.1009,-97.64,13.71,56.34,29.90,9919.54,31.73,15.08,154.86,5.10,13.37,6.72,1018.0,----,-.--,-.--,-.-,-.-,-.-,-.-,1.92,3.30,4.60,5.46,7.87,15.68,16.54,48,06 59.49577048' S,107 33.96802528' E,670.11,0.85,23.07.2024,09:45:21.184,5,OK,GPS,1.23,2.00,1.60,54,25KHZ,250,Auto:Low Noise+,-.---,-.---,0,-,0,
1,  I   M ,2028,23.07.2024,16:44:34.802,117.0000,-0.3667,-97.88,18.41,57.54,29.52,9987.24,32.72,236.65,175.47,5.83,13.73,8.97,1039.5,----,-.--,-.--,-.-,-.-,-.-,-.-,1.81,3.21,4.50,5.44,9.38,15.55,13.37,48,06 59.49582548' S,107 33.96800528' E,669.98,0.92,23.07.2024,09:45:21.434,5,OK,GPS,1.23,2.00,1.60,54,25KHZ,250,Auto:Low Noise+,-.---,-.---,0,-,0,
1,  I   M ,2029,23.07.2024,16:44:35.052,117.0000,-0.0194,-97.41,16.11,61.96,30.57,9894.48,29.71,310.44,138.62,4.80,13.66,8.12,1022.7,----,-.--,-.--,-.-,-.-,-.-,-.-,1.67,3.10,4.35,5.34,9.88,14.29,14.28,48,06 59.49588048' S,107 33.96798528' E,669.86,0.99,23.07.2024,09:45:21.684,5,OK,GPS,1.23,2.00,1.60,54,25KHZ,250,Auto:Low Noise+,-.---,-.---,0,-,0,
1,  I   M ,2030,23.07.2024,16:44:35.302,117.0000,-0.3944,-97.90,17.47,56.47,30.09,9951.61,28.09,151.50,236.27,8.85,12.49,7.20,1025.6,----,-.--,-.--,-.-,-.-,-.-,-.-,1.65,3.17,4.40,5.41,7.58,17.19,13.16,48,06 59.49593548' S,107 33.96796528' E,669.73,1.05,23.07.2024,09:45:21.934,5,OK,GPS,1.23,2.00,1.60,54,25KHZ,250,Auto:Low Noise+,-.---,-.---,0,-,0,
1,  I   M ,2031,23.07.2024,16:44:35.552,117.0000,-0.3861,-97.94,19.52,56.55,29.60,9904.54,27.78,339.18,155.54,12.31,14.17,7.50,1015.8,----,-.--,-.--,-.-,-.-,-.-,-.-,1.59,3.14,4.28,5.32,6.01,13.62,13.41,48,06 59.49616808' S,107 33.96802816' E,669.73,1.51,23.07.2024,09:45:22.184,5,OK,GPS,1.23,2.00,1.60,54,25KHZ,250,Auto:Low Noise+,-.---,-.---,0,-,0,
1,  I   M ,2032,23.07.2024,16:44:35.802,117.0000,-0.3613,-97.92,16.74,60.08,30.00,9907.82,29.06,311.27,200.94,7.62,13.15,7.64,1028.1,----,-.--,-.--,-.-,-.-,-.-,-.-,1.49,3.09,4.19,5.24,4.08,15.34,14.59,48,06 59.49626058' S,107 33.96802566' E,669.63,1.66,23.07.2024,09:45:22.434,5,OK,GPS,1.23,2.00,1.60,54,25KHZ,250,Auto:Low Noise+,-.---,-.---,0,-,0,
1,  I     ,2033,23.07.2024,16:44:36.052,117.0000,-0.1598,-97.89,18.20,57.16,30.04,9955.93,33.51,221.72,181.01,5.84,16.76,9.31,1026.0,----,-.--,-.--,-.-,-.-,-.-,-.-,1.48,3.13,4.24,5.27,9.61,20.08,18.95,48,06 59.49635308' S,107 33.96802316' E,669.53,1.80,23.07.2024,09:45:22.684,5,OK,GPS,1.23,2.00,1.60,54,25KHZ,250,Auto:Low Noise+,-.---,-.---,0,-,0,
1,  I   M ,2034,23.07.2024,16:44:36.302,117.0000,-0.3342,-96.85,12.05,63.66,29.89,10045.78,27.43,357.77,209.80,7.87,17.77,8.13,997.6,----,-.--,-.--,-.-,-.-,-.-,-.-,1.31,3.04,4.11,5.11,14.99,17.97,17.31,48,06 59.49644558' S,107 33.96802066' E,669.43,1.95,23.07.2024,09:45:22.934,5,OK,GPS,1.23,2.00,1.60,54,25KHZ,250,Auto:Low Noise+,-.---,-.---,0,-,0,
1,  I   M ,2035,23.07.2024,16:44:36.552,117.0000,0.2649,-96.11,10.88,64.14,30.54,9913.38,30.42,286.17,172.93,5.90,14.12,9.92,1041.1,----,-.--,-.--,-.-,-.-,-.-,-.-,1.50,3.11,4.21,5.11,19.57,14.29,11.92,48,06 59.49615920' S,107 33.96792344' E,669.68,1.14,23.07.2024,09:45:23.184,5,OK,GPS,1.23,2.00,1.60,54,25KHZ,250,Auto:Low Noise+,-.---,-.---,0,-,0,
1,  I   M ,2036,23.07.2024,16:44:36.802,117.0000,-0.2792,-96.38,15.04,61.39,29.85,9895.56,32.26,355.50,229.35,7.58,14.15,7.28,1023.0,----,-.--,-.--,-.-,-.-,-.-,-.-,1.72,3.27,4.43,5.28,18.11,15.14,16.80,48,06 59.49617170' S,107 33.96790094' E,669.66,1.08,23.07.2024,09:45:23.434,5,OK,GPS,1.23,2.00,1.60,54,25KHZ,250,Auto:Low Noise+,-.---,-.---,0,-,0,
1,  I   M ,2037,23.07.2024,16:44:37.052,117.0000,-0.0656,-97.09,12.32,61.40,29.68,9897.02,33.51,148.64,178.81,5.67,11.55,6.09,999.0,----,-.--,-.--,-.-,-.-,-.-,-.-,1.81,3.29,4.46,5.30,7.99,17.57,17.40,48,06 59.49618420' S,107 33.96787844' E,669.63,1.03,23.07.2024,09:45:23.684,5,OK,GPS,1.23,2.00,1.60,54,25KHZ,250,Auto:Low Noise+,-.---,-.---,0,-,0,
1,  I     ,2038,23.07.2024,16:44:37.302,117.0000,-0.0615,-97.35,15.73,60.06,30.00,9917.07,26.37,27.61,178.09,7.62,13.71,9.66,1029.0,----,-.--,-.--,-.-,-.-,-.-,-.-,1.92,3.27,4.46,5.30,6.08,16.37,16.56,48,06 59.49619670' S,107 33.96785594' E,669.61,0.97,23.07.2024,09:45:23.934,5,OK,GPS,1.23,2.00,1.60,54,25KHZ,250,Auto:Low Noise+,-.---,-.---,0,-,0,
1,  I   M ,2039,23.07.2024,16:44:37.552,117.0000,-0.2912,-97.22,10.83,61.29,28.90,9962.27,28.35,67.28,149.40,5.28,16.59,7.70,1015.6,----,-.--,-.--,-.-,-.-,-.-,-.-,1.98,3.29,4.51,5.36,9.35,14.15,12.22,48,06 59.49636312' S,107 33.96799920' E,669.34,1.70,23.07.2024,09:45:24.184,5,OK,GPS,1.23,2.00,1.60,54,25KHZ,250,Auto:Low Noise+,-.---,-.---,0,-,0,
1,  I   M ,2040,23.07.2024,16:44:37.802,117.0000,-0.3166,-96.15,12.12,61.04,30.67,9913.36,29.26,319.13,179.16,6.64,14.10,8.10,1011.5,----,-.--,-.--,-.-,-.-,-.-,-.-,2.02,3.37,4.50,5.43,13.26,15.69,14.88,48,06 59.49640812' S,107 33.96801170' E,669.27,1.81,23.07.2024,09:45:24.434,5,OK,GPS,1.23,2.00,1.60,54,25KHZ,250,Auto:Low Noise+,-.---,-.---,0,-,0,
1,  I     ,2041,23.07.2024,16:44:38.052,117.0000,-0.2467,-96.83,12.36,61.95,30.68,9934.32,27.91,181.55,209.56,7.92,10.08,6.01,1009.8,----,-.--,-.--,-.-,-.-,-.-,-.-,2.08,3.41,4.51,5.49,12.45,13.51,14.03,48,06 59.49645312' S,107 33.96802420' E,669.19,1.92,23.07.2024,09:45:24.684,5,OK,GPS,1.23,2.00,1.60,54,25KHZ,250,Auto:Low Noise+,-.---,-.---,0,-,0,
1,  I   M ,2042,23.07.2024,16:44:38.302,117.0000,-0.1279,-98.03,19.02,57.44,29.63,9984.34,34.71,213.93,132.10,4.20,11.57,8.31,1014.4,----,-.--,-.--,-.-,-.-,-.-,-.-,2.30,3.53,4.66,5.69,8.85,17.42,14.98,48,06 59.49649812' S,107 33.96803670' E,669.12,2.03,23.07.2024,09:45:24.934,5,OK,GPS,1.23,2.00,1.60,54,25KHZ,250,Auto:Low Noise+,-.---,-.---,0,-,0,
1,  I   M ,2043,23.07.2024,16:44:38.552,117.0000,0.0954,-98.35,16.63,57.98,29.78,9950.09,35.88,246.31,265.25,7.90,13.35,9.28,1020.5,----,-.--,-.--,-.-,-.-,-.-,-.-,2.30,3.55,4.64,5.79,7.13,20.76,19.76,48,06 59.49624712' S,107 33.96801368' E,669.40,1.35,23.07.2024,09:45:25.184,5,OK,GPS,1.23,2.00,1.60,54,25KHZ,250,Auto:Low Noise+,-.---,-.---,0,-,0,
1,  I   M ,2044,23.07.2024,16:44:38.802,117.0000,-0.1621,-98.08,16.51,59.25,30.03,9888.25,32.07,315.86,193.56,6.52,13.22,7.82,1029.0,----,-.--,-.--,-.-,-.-,-.-,-.-,2.26,3.54,4.53,5.70,10.28,15.24,16.51,48,06 59.49622962' S,107 33.96801868' E,669.40,1.29,23.07.2024,09:45:25.434,5,OK,GPS,1.23,2.00,1.60,54,25KHZ,250,Auto:Low Noise+,-.---,-.---,0,-,0,
1,  I   M ,2045,23.07.2024,16:44:39.052,117.0000,-0.2399,-98.14,15.87,55.52,30.01,10037.71,33.40,169.89,227.24,7.31,12.18,7.57,1014.6,----,-.--,-.--,-.-,-.-,-.-,-.-,2.29,3.57,4.60,5.74,6.42,15.83,16.33,48,06 59.49621212' S,107 33.96802368' E,669.40,1.24,23.07.2024,09:45:25.684,5,OK,GPS,1.23,2.00,1.60,54,25KHZ,250,Auto:Low Noise+,-.---,-.---,0,-,0,
1,  I   M ,2046,23.07.2024,16:44:39.302,117.0000,-0.5360,-98.12,14.64,57.25,30.77,9874.33,36.76,167.14,118.77,3.67,13.35,6.58,1021.5,----,-.--,-.--,-.-,-.-,-.-,-.-,2.21,3.56,4.57,5.70,8.89,16.78,13.76,48,06 59.49619462' S,107 33.96802868' E,669.40,1.18,23.07.2024,09:45:25.934,5,OK,GPS,1.23,2.00,1.60,54,25KHZ,250,Auto:Low Noise+,-.---,-.---,0,-,0,
1,  I   M ,2047,23.07.2024,16:44:39.552,117.0000,-0.4200,-97.41,14.99,59.11,32.83,9951.37,29.06,31.82,136.67,5.54,19.54,13.00,995.4,----,-.--,-.--,-.-,-.-,-.-,-.-,2.25,3.61,4.62,5.77,10.59,16.86,19.73,48,06 59.49623632' S,107 33.96799816' E,669.16,1.26,23.07.2024,09:45:26.184,5,OK,GPS,1.23,2.00,1.60,54,25KHZ,250,Auto:Low Noise+,-.---,-.---,0,-,0,
1,  I   M ,2048,23.07.2024,16:44:39.802,117.0000,-0.0891,-96.65,14.09,65.94,31.05,9912.22,33.57,229.27,185.46,5.75,13.88,9.16,1029.1,----,-.--,-.--,-.-,-.-,-.-,-.-,2.27,3.53,4.68,5.72,17.36,15.15,15.16,48,06 59.49623132' S,107 33.96799566' E,669.11,1.23,23.07.2024,09:45:26.434,5,OK,GPS,1.23,2.00,1.60,54,25KHZ,250,Auto:Low Noise+,-.---,-.---,0,-,0,
1,  I   M ,2049,23.07.2024,16:44:40.052,117.0000,-0.2411,-96.57,14.58,64.72,29.65,9825.41,28.97,66.82,108.19,5.79,12.45,7.00,987.3,----,-.--,-.--,-.-,-.-,-.-,-.-,2.14,3.44,4.60,5.61,16.74,13.98,15.43,48,06 59.49622632' S,107 33.96799316' E,669.06,1.20,23.07.2024,09:45:26.684,5,OK,GPS,1.23,2.00,1.60,54,25KHZ,250,Auto:Low Noise+,-.---,-.---,0,-,0,
1,  I   M ,2050,23.07.2024,16:44:40.302,117.0000,-0.0814,-97.38,12.69,63.70,29.92,9918.29,29.99,150.39,112.75,5.71,12.77,7.11,1062.7,----,-.--,-.--,-.-,-.-,-.-,-.-,2.06,3.50,4.60,5.56,7.42,13.57,15.59,48,06 59.49622132' S,107 33.96799066' E,669.01,1.17,23.07.2024,09:45:26.934,5,OK,GPS,1.23,2.00,1.60,54,25KHZ,250,Auto:Low Noise+,-.---,-.---,0,-,0,
1,  I   M ,2051,23.07.2024,16:44:40.552,117.0000,-0.0649,-97.17,10.92,60.97,30.47,9998.36,30.52,126.83,182.89,6.60,16.03,9.95,1013.5,----,-.--,-.--,-.-,-.-,-.-,-.-,2.07,3.59,4.65,5.53,14.25,16.68,14.36,48,06 59.49597952' S,107 33.96810656' E,668.61,0.65,23.07.2024,09:45:27.184,5,OK,GPS,1.09,1.71,1.60,54,25KHZ,250,Auto:Low Noise+,-.---,-.---,0,-,0,
1,  I   M ,2052,23.07.2024,16:44:40.802,117.0000,-0.2726,-97.25,10.15,62.52,30.24,9846.99,26.67,3.52,175.69,7.37,14.04,8.63,1027.7,----,-.--,-.--,-.-,-.-,-.-,-.-,2.09,3.68,4.74,5.59,21.06,17.61,16.75,48,06 59.49592452' S,107 33.96812906' E,668.48,0.52,23.07.2024,09:45:27.434,5,OK,GPS,1.09,1.71,1.60,54,25KHZ,250,Auto:Low Noise+,-.---,-.---,0,-,0,
1,  I   M ,2053,23.07.2024,16:44:41.052,117.0000,-0.1784,-97.42,14.14,60.98,33.52,9913.91,25.84,168.64,178.28,9.00,13.19,7.68,1025.6,----,-.--,-.--,-.-,-.-,-.-,-.-,2.06,3.69,4.72,5.60,19.53,14.74,14.04,48,06 59.49586952' S,107 33.96815156' E,668.36,0.39,23.07.2024,09:45:27.684,5,OK,GPS,1.09,1.71,1.60,54,25KHZ,250,Auto:Low Noise+,-.---,-.---,0,-,0,
1,  I   M ,2054,23.07.2024,16:44:41.302,117.0000,-0.0498,-97.96,16.13,60.29,30.20,9928.63,29.81,325.54,142.97,5.47,13.87,10.17,1025.2,----,-.--,-.--,-.-,-.-,-.-,-.-,2.02,3.62,4.64,5.50,10.48,16.24,17.35,48,06 59.49581452' S,107 33.96817406' E,668.23,0.26,23.07.2024,09:45:27.934,5,OK,GPS,1.09,1.71,1.60,54,25KHZ,250,Auto:Low Noise+,-.---,-.---,0,-,0,
1,  I   M ,2055,23.07.2024,16:44:41.552,117.0000,-0.1985,-96.58,12.65,64.35,30.01,9827.10,27.18,134.86,139.83,6.24,17.48,9.09,1004.0,----,-.--,-.--,-.-,-.-,-.-,-.-,1.89,3.53,4.61,5.41,19.27,15.00,15.58,48,06 59.49586608' S,107 33.96810184' E,668.82,0.60,23.07.2024,09:45:28.184,5,OK,GPS,1.09,1.71,1.60,54,25KHZ,250,Auto:Low Noise+,-.---,-.---,0,-,0,
1,  I   M ,2056,23.07.2024,16:44:41.802,117.0000,-0.2313,-97.04,14.56,63.49,30.10,9960.06,35.67,33.47,209.69,6.13,10.77,5.10,1008.6,----,-.--,-.--,-.-,-.-,-.-,-.-,1.97,3.64,4.70,5.52,18.37,13.96,16.26,48,06 59.49583358' S,107 33.96810434' E,668.84,0.57,23.07.2024,09:45:28.434,5,OK,GPS,1.09,1.71,1.60,54,25KHZ,250,Auto:Low Noise+,-.---,-.---,0,-,0,
1,  I   M ,2057,23.07.2024,16:44:42.052,117.0000,-0.0032,-97.84,20.59,55.78,29.68,9953.59,35.54,106.95,166.31,4.83,13.37,9.57,1021.5,----,-.--,-.--,-.-,-.-,-.-,-.-,2.03,3.63,4.75,5.56,9.34,17.51,18.26,48,06 59.49580108' S,107 33.96810684' E,668.87,0.53,23.07.2024,09:45:28.684,5,OK,GPS,1.09,1.71,1.60,54,25KHZ,250,Auto:Low Noise+,-.---,-.---,0,-,0,
1,  I     ,2058,23.07.2024,16:44:42.302,117.0000,-0.1935,-96.88,14.93,61.58,30.14,9926.14,28.19,19.02,180.25,6.48,17.07,9.04,1023.0,----,-.--,-.--,-.-,-.-,-.-,-.-,2.07,3.59,4.78,5.59,13.98,13.80,14.35,48,06 59.49576858' S,107 33.96810934' E,668.89,0.50,23.07.2024,09:45:28.934,5,OK,GPS,1.09,1.71,1.60,54,25KHZ,250,Auto:Low Noise+,-.---,-.---,0,-,0,
1,  I   M ,2059,23.07.2024,16:44:42.552,117.0000,-0.2960,-97.21,13.10,60.59,29.97,9929.81,29.54,359.48,122.46,4.66,12.21,8.47,1020.4,----,-.--,-.--,-.-,-.-,-.-,-.-,2.10,3.54,4.74,5.61,9.86,14.09,15.22,48,06 59.49602024' S,107 33.96802896' E,668.33,0.93,23.07.2024,09:45:29.184,5,OK,GPS,1.09,1.71,1.60,54,25KHZ,250,Auto:Low Noise+,-.---,-.---,0,-,0,
1,  I   M ,2060,23.07.2024,16:44:42.802,117.0000,-0.2446,-96.91,10.20,60.64,29.85,9926.26,28.53,0.96,155.56,6.12,14.36,8.54,1030.1,----,-.--,-.--,-.-,-.-,-.-,-.-,2.06,3.44,4.66,5.51,7.96,18.63,16.82,48,06 59.49604774' S,107 33.96801396' E,668.23,1.00,23.07.2024,09:45:29.434,5,OK,GPS,1.09,1.71,1.60,54,25KHZ,250,Auto:Low Noise+,-.---,-.---,0,-,0,
1,  I   M ,2061,23.07.2024,16:44:43.052,117.0000,-0.3413,-96.68,9.03,62.87,29.90,9969.80,29.84,15.84,183.56,6.29,13.98,9.39,1088.1,----,-.--,-.--,-.-,-.-,-.-,-.-,2.13,3.43,4.70,5.54,19.36,13.15,14.22,48,06 59.49607524' S,107 33.96799896' E,668.13,1.06,23.07.2024,09:45:29.684,5,OK,GPS,1.09,1.71,1.60,54,25KHZ,250,Auto:Low Noise+,-.---,-.---,0,-,0,
1,  I   M ,2062,23.07.2024,16:44:43.302,117.0000,-0.4866,-97.16,18.05,61.25,30.63,9989.50,31.64,11.90,178.64,5.93,13.31,8.61,1030.7,----,-.--,-.--,-.-,-.-,-.-,-.-,2.20,3.47,4.75,5.62,8.78,17.58,15.82,48,06 59.49610274' S,107 33.96798396' E,668.03,1.13,23.07.2024,09:45:29.934,5,OK,GPS,1.09,1.71,1.60,54,25KHZ,250,Auto:Low Noise+,-.---,-.---,0,-,0,
1,  I   M ,2063,23.07.2024,16:44:43.552,117.0000,-0.1602,-96.57,15.25,62.16,29.54,9942.14,24.27,207.93,153.44,6.51,13.98,8.40,1021.7,----,-.--,-.--,-.-,-.-,-.-,-.-,2.28,3.47,4.77,5.62,5.26,13.61,13.29,48,06 59.49563265' S,107 33.96813480' E,668.87,0.12,23.07.2024,09:45:30.185,5,OK,GPS,1.09,1.71,1.60,54,25KHZ,250,Auto:Low Noise+,-.---,-.---,0,-,0,
1,  I   M ,2064,23.07.2024,16:44:43.802,117.0000,-0.0930,-97.22,17.14,60.66,29.44,9900.98,28.89,230.71,153.79,5.57,11.01,6.13,1034.9,----,-.--,-.--,-.-,-.-,-.-,-.-,2.18,3.32,4.64,5.52,7.35,10.11,9.52,48,06 59.49555515' S,107 33.96815480' E,668.97,-0.04,23.07.2024,09:45:30.435,5,OK,GPS,1.09,1.71,1.60,54,25KHZ,250,Auto:Low Noise+,-.---,-.---,0,-,0,
1,  I   M ,2065,23.07.2024,16:44:44.052,117.0000,-0.1016,-98.21,17.33,56.85,29.85,9962.62,28.55,234.96,177.97,6.52,12.60,7.19,1040.5,----,-.--,-.--,-.-,-.-,-.-,-.-,2.09,3.24,4.55,5.44,7.97,17.03,19.32,48,06 59.49547765' S,107 33.96817480' E,669.07,-0.21,23.07.2024,09:45:30.685,5,OK,GPS,1.09,1.71,1.60,54,25KHZ,250,Auto:Low Noise+,-.---,-.---,0,-,0,
1,  I     ,2066,23.07.2024,16:44:44.302,117.0000,-0.2399,-97.70,16.98,55.88,30.39,9910.86,31.35,334.42,179.71,6.32,13.39,7.41,1024.4,----,-.--,-.--,-.-,-.-,-.-,-.-,2.01,3.11,4.44,5.34,6.41,16.83,17.77,48,06 59.49540015' S,107 33.96819480' E,669.17,-0.37,23.07.2024,09:45:30.935,5,OK,GPS,1.09,1.71,1.60,54,25KHZ,250,Auto:Low Noise+,-.---,-.---,0,-,0,
1,  I     ,2067,23.07.2024,16:44:44.552,117.0000,-0.1431,-98.16,17.21,57.83,30.25,9965.27,30.42,226.86,153.64,5.73,12.70,8.24,998.8,----,-.--,-.--,-.-,-.-,-.-,-.-,2.08,3.13,4.51,5.43,10.15,15.23,15.10,48,06 59.49564260' S,107 33.96826220' E,668.33,0.68,23.07.2024,09:45:31.185,5,OK,GPS,1.09,1.71,1.60,54,25KHZ,250,Auto:Low Noise+,-.---,-.---,0,-,0,
1,  I   M ,2068,23.07.2024,16:44:44.802,117.0000,0.1567,-98.15,18.00,57.07,29.50,9935.56,30.70,140.04,145.88,5.30,12.64,8.05,1011.9,----,-.--,-.--,-.-,-.-,-.-,-.-,2.05,3.08,4.45,5.44,7.81,18.80,18.64,48,06 59.49563260' S,107 33.96829220' E,668.23,0.78,23.07.2024,09:45:31.435,5,OK,GPS,1.09,1.71,1.60,54,25KHZ,250,Auto:Low Noise+,-.---,-.---,0,-,0,
1,  I   M ,2069,23.07.2024,16:44:45.052,117.0000,0.3086,-98.38,17.73,55.14,30.50,9896.97,30.79,330.46,205.11,20.17,13.09,8.08,1030.1,----,-.--,-.--,-.-,-.-,-.-,-.-,2.05,3.10,4.44,5.40,6.40,16.63,18.00,48,06 59.49562260' S,107 33.96832220' E,668.13,0.87,23.07.2024,09:45:31.685,5,OK,GPS,1.09,1.71,1.60,54,25KHZ,250,Auto:Low Noise+,-.---,-.---,0,-,0,
1,  I   M ,2070,23.07.2024,16:44:45.301,117.0000,0.0014,-98.40,13.17,58.47,29.78,9908.64,33.39,189.24,147.26,4.94,13.67,6.95,1012.9,----,-.--,-.--,-.-,-.-,-.-,-.-,1.98,3.08,4.40,5.37,8.63,14.15,14.75,48,06 59.49561264' S,107 33.96835208' E,668.03,0.97,23.07.2024,09:45:31.934,5,OK,GPS,1.09,1.71,1.60,54,25KHZ,250,Auto:Low Noise+,-.---,-.---,0,-,0,
1,  I   M ,2071,23.07.2024,16:44:45.551,117.0000,-0.0842,-98.24,20.50,55.87,29.81,9945.73,33.36,141.30,266.55,8.33,13.79,8.70,1015.7,----,-.--,-.--,-.-,-.-,-.-,-.-,1.92,3.04,4.30,5.36,7.47,20.76,18.81,48,06 59.49515272' S,107 33.96833472' E,668.16,0.51,23.07.2024,09:45:32.184,5,OK,GPS,1.09,1.71,1.60,54,25KHZ,250,Auto:Low Noise+,-.---,-.---,0,-,0,
1,  I   M ,2072,23.07.2024,16:44:45.801,117.0000,-0.0463,-98.08,16.66,56.83,30.27,9945.28,31.29,347.08,166.09,6.19,13.52,8.34,1020.4,----,-.--,-.--,-.-,-.-,-.-,-.-,1.91,3.12,4.37,5.43,7.08,17.61,16.61,48,06 59.49504772' S,107 33.96835472' E,668.11,0.49,23.07.2024,09:45:32.434,5,OK,GPS,1.09,1.71,1.60,54,25KHZ,250,Auto:Low Noise+,-.---,-.---,0,-,0,
1,  I   M ,2073,23.07.2024,16:44:46.051,117.0000,0.0778,-98.14,14.08,55.51,30.14,9983.89,32.82,205.93,214.38,7.31,12.83,8.74,1018.7,----,-.--,-.--,-.-,-.-,-.-,-.-,2.00,3.24,4.45,5.50,6.42,14.69,14.09,48,06 59.49494272' S,107 33.96837472' E,668.06,0.47,23.07.2024,09:45:32.684,5,OK,GPS,1.09,1.71,1.60,54,25KHZ,250,Auto:Low Noise+,-.---,-.---,0,-,0,
1,  I   M ,2074,23.07.2024,16:44:46.301,117.0000,-0.0132,-98.16,19.82,55.38,29.87,9952.88,32.33,340.73,209.91,7.19,12.64,7.50,1022.5,----,-.--,-.--,-.-,-.-,-.-,-.-,2.02,3.29,4.47,5.49,7.38,14.71,14.61,48,06 59.49483772' S,107 33.96839472' E,668.01,0.45,23.07.2024,09:45:32.934,5,OK,GPS,1.09,1.71,1.60,54,25KHZ,250,Auto:Low Noise+,-.---,-.---,0,-,0,
1,  I   M ,2075,23.07.2024,16:44:46.551,117.0000,-0.0204,-97.75,19.09,55.37,30.25,9920.42,27.64,227.37,197.01,7.27,13.95,8.91,1010.6,----,-.--,-.--,-.-,-.-,-.-,-.-,1.80,3.19,4.39,5.32,7.19,14.52,13.74,48,06 59.49481560' S,107 33.96839104' E,667.84,0.81,23.07.2024,09:45:33.184,5,OK,GPS,1.09,1.71,1.60,54,25KHZ,250,Auto:Low Noise+,-.---,-.---,0,-,0,
1,  I   M ,2076,23.07.2024,16:44:46.801,117.0000,0.0820,-98.21,22.58,57.11,30.15,10031.29,36.87,225.86,169.02,5.42,12.80,6.61,1021.4,----,-.--,-.--,-.-,-.-,-.-,-.-,1.87,3.28,4.45,5.31,6.23,14.53,15.83,48,06 59.49472810' S,107 33.96840604' E,667.77,0.87,23.07.2024,09:45:33.434,5,OK,GPS,1.09,1.71,1.60,54,25KHZ,250,Auto:Low Noise+,-.---,-.---,0,-,0,
1,  I   M ,2077,23.07.2024,16:44:47.051,117.0000,0.0517,-98.18,21.74,55.73,30.32,9948.29,31.91,310.49,176.62,5.58,13.31,8.97,994.2,----,-.--,-.--,-.-,-.-,-.-,-.-,1.75,3.19,4.36,5.18,8.74,16.81,16.58,48,06 59.49464060' S,107 33.96842104' E,667.69,0.93,23.07.2024,09:45:33.684,5,OK,GPS,1.09,1.71,1.60,54,25KHZ,250,Auto:Low Noise+,-.---,-.---,0,-,0,
1,  I   M ,2078,23.07.2024,16:44:47.301,117.0000,0.0419,-98.11,18.24,56.03,29.67,9989.04,28.69,212.90,196.58,7.05,13.16,9.22,1034.6,----,-.--,-.--,-.-,-.-,-.-,-.-,1.75,3.22,4.35,5.15,6.10,18.01,15.88,48,06 59.49455310' S,107 33.96843604' E,667.62,0.99,23.07.2024,09:45:33.934,5,OK,GPS,1.09,1.71,1.60,54,25KHZ,250,Auto:Low Noise+,-.---,-.---,0,-,0,
1,  I   M ,2079,23.07.2024,16:44:47.551,117.0000,0.0153,-98.14,17.41,55.77,29.70,9922.42,31.75,228.87,233.69,7.83,13.55,9.62,996.4,----,-.--,-.--,-.-,-.-,-.-,-.-,1.78,3.26,4.32,5.11,7.23,16.67,18.21,48,06 59.49466688' S,107 33.96827344' E,668.14,0.42,23.07.2024,09:45:34.184,6,OK,GPS,0.98,1.70,1.60,54,25KHZ,250,Auto:Low Noise+,-.---,-.---,0,-,0,
1,  I   M ,2080,23.07.2024,16:44:47.801,117.0000,-0.2128,-98.00,17.06,59.34,30.09,9951.05,27.31,24.22,199.72,7.71,12.80,7.85,1039.6,----,-.--,-.--,-.-,-.-,-.-,-.-,1.72,3.16,4.18,4.95,6.27,15.03,17.30,48,06 59.49462188' S,107 33.96825094' E,668.19,0.35,23.07.2024,09:45:34.434,6,OK,GPS,0.98,1.70,1.60,54,25KHZ,250,Auto:Low Noise+,-.---,-.---,0,-,0,
1,  I   M ,2081,23.07.2024,16:44:48.051,117.0000,-0.0945,-98.26,18.39,57.89,29.75,9922.61,29.37,84.38,149.33,5.29,14.23,9.47,1021.9,----,-.--,-.--,-.-,-.-,-.-,-.-,1.66,3.10,4.11,4.85,7.69,15.42,14.93,48,06 59.49457688' S,107 33.96822844' E,668.24,0.27,23.07.2024,09:45:34.684,6,OK,GPS,0.98,1.70,1.60,54,25KHZ,250,Auto:Low Noise+,-.---,-.---,0,-,0,
1,  I     ,2082,23.07.2024,16:44:48.301,117.0000,-0.1662,-97.30,12.34,59.37,30.02,9950.56,27.06,126.89,163.33,6.26,17.31,12.00,1006.2,----,-.--,-.--,-.-,-.-,-.-,-.-,1.58,3.14,4.13,4.88,14.22,18.61,17.64,48,06 59.49453188' S,107 33.96820594' E,668.29,0.20,23.07.2024,09:45:34.934,6,OK,GPS,0.98,1.70,1.60,54,25KHZ,250,Auto:Low Noise+,-.---,-.---,0,-,0,
1,  I   M ,2083,23.07.2024,16:44:48.551,117.0000,-0.2129,-96.86,15.41,60.79,30.37,9975.42,33.52,200.10,215.64,7.03,14.35,8.98,1048.9,----,-.--,-.--,-.-,-.-,-.-,-.-,1.84,3.33,4.33,5.11,25.92,19.90,18.87,48,06 59.49420272' S,107 33.96836104' E,668.10,1.20,23.07.2024,09:45:35.184,6,OK,GPS,0.98,1.70,1.60,54,25KHZ,250,Auto:Low Noise+,-.---,-.---,0,-,0,
1,  I   M ,2084,23.07.2024,16:44:48.801,117.0000,-0.0707,-97.19,12.74,60.75,30.31,9930.41,29.92,173.70,135.97,5.45,11.85,6.41,1032.8,----,-.--,-.--,-.-,-.-,-.-,-.-,2.08,3.52,4.59,5.34,7.78,12.81,11.06,48,06 59.49409772' S,107 33.96837604' E,668.10,1.35,23.07.2024,09:45:35.434,6,OK,GPS,0.98,1.70,1.60,54,25KHZ,250,Auto:Low Noise+,-.---,-.---,0,-,0,
1,  I   M ,2085,23.07.2024,16:44:49.051,117.0000,-0.0256,-97.69,15.37,59.44,29.00,9928.89,22.27,21.27,121.01,7.13,12.74,9.73,1019.5,----,-.--,-.--,-.-,-.-,-.-,-.-,2.13,3.57,4.63,5.39,10.89,14.53,14.18,48,06 59.49399272' S,107 33.96839104' E,668.10,1.50,23.07.2024,09:45:35.684,6,OK,GPS,0.98,1.70,1.60,54,25KHZ,250,Auto:Low Noise+,-.---,-.---,0,-,0,
1,  I     ,2086,23.07.2024,16:44:49.301,117.0000,-0.2592,-97.62,15.90,57.13,30.34,9916.81,30.05,23.64,168.94,5.78,12.53,7.26,1035.9,----,-.--,-.--,-.-,-.-,-.-,-.-,2.17,3.62,4.70,5.47,8.59,15.43,13.16,48,06 59.49388772' S,107 33.96840604' E,668.10,1.66,23.07.2024,09:45:35.934,6,OK,GPS,0.98,1.70,1.60,54,25KHZ,250,Auto:Low Noise+,-.---,-.---,0,-,0,
1,  I   M ,2087,23.07.2024,16:44:49.551,117.0000,-0.2541,-97.96,18.70,59.58,30.03,9920.17,37.62,352.37,155.48,4.94,12.57,6.43,1031.9,----,-.--,-.--,-.-,-.-,-.-,-.-,2.18,3.60,4.79,5.54,7.63,16.49,17.12,48,06 59.49419712' S,107 33.96820792' E,668.22,0.56,23.07.2024,09:45:36.184,6,OK,GPS,0.98,1.70,1.60,54,25KHZ,250,Auto:Low Noise+,-.---,-.---,0,-,0,
1,  I   M ,2088,23.07.2024,16:44:49.801,117.0000,-0.0945,-98.13,23.15,58.85,29.84,10039.93,31.51,288.86,146.01,5.04,12.87,7.57,997.7,----,-.--,-.--,-.-,-.-,-.-,-.-,2.11,3.53,4.77,5.53,10.84,16.51,13.40,48,06 59.49417962' S,107 33.96817792' E,668.24,0.45,23.07.2024,09:45:36.434,6,OK,GPS,0.98,1.70,1.60,54,25KHZ,250,Auto:Low Noise+,-.---,-.---,0,-,0,
1,  I   M ,2089,23.07.2024,16:44:50.051,117.0000,-0.1386,-98.27,18.86,57.13,30.05,9947.03,31.32,293.47,230.89,7.86,12.98,7.96,1042.1,----,-.--,-.--,-.-,-.-,-.-,-.-,2.11,3.54,4.79,5.58,6.95,15.14,14.68,48,06 59.49416212' S,107 33.96814792' E,668.27,0.34,23.07.2024,09:45:36.684,6,OK,GPS,0.98,1.70,1.60,54,25KHZ,250,Auto:Low Noise+,-.---,-.---,0,-,0,
1,  I   M ,2090,23.07.2024,16:44:50.301,117.0000,0.0725,-98.00,18.87,57.65,30.24,9873.62,28.39,26.06,212.22,8.12,13.13,8.62,1035.0,----,-.--,-.--,-.-,-.-,-.-,-.-,2.18,3.54,4.76,5.61,7.63,13.61,14.28,48,06 59.49414462' S,107 33.96811792' E,668.29,0.23,23.07.2024,09:45:36.934,6,OK,GPS,0.98,1.70,1.60,54,25KHZ,250,Auto:Low Noise+,-.---,-.---,0,-,0,
1,  I   M ,2091,23.07.2024,16:44:50.551,117.0000,-0.4937,-97.64,19.42,57.44,30.02,9927.63,27.57,23.38,188.11,7.91,13.36,7.81,1000.6,----,-.--,-.--,-.-,-.-,-.-,-.-,1.92,3.34,4.61,5.42,6.84,17.43,15.94,48,06 59.49421000' S,107 33.96817080' E,668.20,0.32,23.07.2024,09:45:37.184,6,OK,GPS,0.98,1.70,1.60,54,25KHZ,250,Auto:Low Noise+,-.---,-.---,0,-,0,
1,  I     ,2092,23.07.2024,16:44:50.801,117.0000,-0.2241,-97.59,21.66,58.54,29.53,9878.85,22.99,49.84,209.17,15.91,13.70,8.52,1019.5,----,-.--,-.--,-.-,-.-,-.-,-.-,1.63,3.11,4.34,5.25,9.34,15.86,17.44,48,06 59.49421000' S,107 33.96815830' E,668.20,0.26,23.07.2024,09:45:37.434,6,OK,GPS,0.98,1.70,1.60,54,25KHZ,250,Auto:Low Noise+,-.---,-.---,0,-,0,
1,  I   M ,2093,23.07.2024,16:44:51.051,117.0000,-0.1126,-97.82,19.73,55.78,30.74,9965.27,36.56,189.14,153.78,4.51,12.71,8.43,1009.6,----,-.--,-.--,-.-,-.-,-.-,-.-,1.55,3.06,4.27,5.25,7.57,17.92,18.48,48,06 59.49421000' S,107 33.96814580' E,668.20,0.19,23.07.2024,09:45:37.684,6,OK,GPS,0.98,1.70,1.60,54,25KHZ,250,Auto:Low Noise+,-.---,-.---,0,-,0,
1,  I   M ,2094,23.07.2024,16:44:51.301,117.0000,-0.0393,-97.67,20.35,57.76,29.90,9962.05,28.75,205.12,225.53,7.89,12.23,7.13,1043.6,----,-.--,-.--,-.-,-.-,-.-,-.-,1.47,2.96,4.18,5.18,6.06,14.00,15.14,48,06 59.49421000' S,107 33.96813330' E,668.20,0.12,23.07.2024,09:45:37.934,6,OK,GPS,0.98,1.70,1.60,54,25KHZ,250,Auto:Low Noise+,-.---,-.---,0,-,0,
1,  I   M ,2095,23.07.2024,16:44:51.551,117.0000,-0.5058,-98.09,19.62,57.21,29.96,9959.32,27.64,164.16,159.02,6.27,14.17,8.15,1000.2,----,-.--,-.--,-.-,-.-,-.-,-.-,1.49,2.99,4.15,5.16,6.53,22.53,20.61,48,06 59.49402056' S,107 33.96826288' E,668.20,0.51,23.07.2024,09:45:38.184,6,OK,GPS,0.98,1.70,1.60,54,25KHZ,250,Auto:Low Noise+,-.---,-.---,0,-,0,
1,  I   M ,2096,23.07.2024,16:44:51.801,117.0000,-0.3004,-97.46,18.91,56.83,29.85,9924.21,31.27,28.80,106.07,3.61,16.38,9.34,1040.3,----,-.--,-.--,-.-,-.-,-.-,-.-,1.73,3.19,4.30,5.35,10.43,16.11,16.03,48,06 59.49398056' S,107 33.96828038' E,668.20,0.53,23.07.2024,09:45:38.434,6,OK,GPS,0.98,1.70,1.60,54,25KHZ,250,Auto:Low Noise+,-.---,-.---,0,-,0,
1,  I     ,2097,23.07.2024,16:44:52.051,117.0000,-0.1679,-97.27,15.28,57.32,30.28,9902.49,32.07,359.81,161.15,5.30,11.57,7.30,1002.5,----,-.--,-.--,-.-,-.-,-.-,-.-,1.75,3.24,4.31,5.38,9.46,16.18,14.44,48,06 59.49394056' S,107 33.96829788' E,668.20,0.56,23.07.2024,09:45:38.684,6,OK,GPS,0.98,1.70,1.60,54,25KHZ,250,Auto:Low Noise+,-.---,-.---,0,-,0,
1,  I   M ,2098,23.07.2024,16:44:52.301,117.0000,-0.0164,-97.67,15.33,56.45,30.08,9967.54,34.97,225.09,218.56,6.50,13.48,8.35,1048.9,----,-.--,-.--,-.-,-.-,-.-,-.-,1.71,3.26,4.36,5.40,7.62,17.20,16.21,48,06 59.49390056' S,107 33.96831538' E,668.20,0.59,23.07.2024,09:45:38.934,6,OK,GPS,0.98,1.70,1.60,54,25KHZ,250,Auto:Low Noise+,-.---,-.---,0,-,0,
1,  I   M ,2099,23.07.2024,16:44:52.551,117.0000,-0.5328,-97.84,18.05,59.47,30.00,9846.83,28.62,155.88,161.64,6.22,13.20,8.13,1010.5,----,-.--,-.--,-.-,-.-,-.-,-.-,1.71,3.31,4.32,5.40,8.34,16.15,15.11,48,06 59.49386056' S,107 33.96834472' E,668.32,0.52,23.07.2024,09:45:39.184,6,OK,GPS,0.98,1.70,1.60,54,25KHZ,250,Auto:Low Noise+,-.---,-.---,0,-,0,
1,  I   M ,2100,23.07.2024,16:44:52.801,117.0000,-0.5198,-97.89,16.62,57.71,29.87,9842.08,31.14,333.43,283.42,9.37,12.50,7.68,1052.1,----,-.--,-.--,-.-,-.-,-.-,-.-,1.87,3.38,4.44,5.53,9.02,18.52,17.71,48,06 59.49382056' S,107 33.96836472' E,668.34,0.53,23.07.2024,09:45:39.434,6,OK,GPS,0.98,1.70,1.60,54,25KHZ,250,Auto:Low Noise+,-.---,-.---,0,-,0,
1,  I     ,2101,23.07.2024,16:44:53.051,117.0000,-0.5167,-97.81,17.64,57.98,29.72,10007.61,32.14,141.60,278.15,9.37,13.67,8.10,1032.8,----,-.--,-.--,-.-,-.-,-.-,-.-,2.01,3.45,4.53,5.61,9.05,15.34,12.38,48,06 59.49378056' S,107 33.96838472' E,668.37,0.54,23.07.2024,09:45:39.684,6,OK,GPS,0.98,1.70,1.60,54,25KHZ,250,Auto:Low Noise+,-.---,-.---,0,-,0,
1,  I   M ,2102,23.07.2024,16:44:53.301,117.0000,-0.6271,-97.87,15.13,60.35,30.09,9916.91,26.41,145.83,238.86,13.92,12.69,7.66,1021.1,----,-.--,-.--,-.-,-.-,-.-,-.-,2.04,3.52,4.53,5.67,7.44,19.59,20.52,48,06 59.49374056' S,107 33.96840472' E,668.39,0.54,23.07.2024,09:45:39.934,6,OK,GPS,0.98,1.70,1.60,54,25KHZ,250,Auto:Low Noise+,-.---,-.---,0,-,0,
1,  I     ,2103,23.07.2024,16:44:53.551,117.0000,-0.4391,-97.59,15.70,58.63,29.63,9979.14,29.67,172.75,152.32,5.94,14.04,9.84,1005.9,----,-.--,-.--,-.-,-.-,-.-,-.-,2.06,3.58,4.59,5.69,7.19,19.07,19.08,48,06 59.49349928' S,107 33.96857864' E,668.30,1.19,23.07.2024,09:45:40.184,6,OK,GPS,0.98,1.70,1.60,54,25KHZ,250,Auto:Low Noise+,-.---,-.---,0,-,0,
1,  I   M ,2104,23.07.2024,16:44:53.801,117.0000,-0.2344,-97.72,21.73,59.39,30.13,10001.64,24.40,166.94,210.82,9.98,12.31,8.02,1014.7,----,-.--,-.--,-.-,-.-,-.-,-.-,1.98,3.53,4.54,5.60,10.98,17.10,18.52,48,06 59.49341678' S,107 33.96863114' E,668.30,1.34,23.07.2024,09:45:40.434,6,OK,GPS,0.98,1.70,1.60,54,25KHZ,250,Auto:Low Noise+,-.---,-.---,0,-,0,
1,  I   M ,2105,23.07.2024,16:44:54.051,117.0000,0.0714,-97.91,19.65,56.19,29.84,9933.16,32.00,224.44,106.37,4.96,12.53,7.17,1009.3,----,-.--,-.--,-.-,-.-,-.-,-.-,1.99,3.46,4.52,5.56,9.19,16.73,16.53,48,06 59.49333428' S,107 33.96868364' E,668.30,1.48,23.07.2024,09:45:40.684,6,OK,GPS,0.98,1.70,1.60,54,25KHZ,250,Auto:Low Noise+,-.---,-.---,0,-,0,
1,  I     ,2106,23.07.2024,16:44:54.301,117.0000,-0.0216,-97.91,18.36,57.75,30.44,9891.21,32.76,161.75,147.36,5.05,13.93,7.59,1036.6,----,-.--,-.--,-.-,-.-,-.-,-.-,2.06,3.42,4.48,5.57,7.31,15.96,15.67,48,06 59.49325178' S,107 33.96873614' E,668.30,1.62,23.07.2024,09:45:40.934,6,OK,GPS,0.98,1.70,1.60,54,25KHZ,250,Auto:Low Noise+,-.---,-.---,0,-,0,
1,  I   M ,2107,23.07.2024,16:44:54.551,117.0000,-0.1419,-97.67,17.48,56.81,29.81,9861.42,29.92,7.15,126.75,4.29,14.28,8.92,1026.6,----,-.--,-.--,-.-,-.-,-.-,-.-,2.04,3.36,4.42,5.56,6.95,20.16,19.21,48,06 59.49374944' S,107 33.96851632' E,668.54,0.69,23.07.2024,09:45:41.184,6,OK,GPS,0.98,1.70,1.60,54,25KHZ,250,Auto:Low Noise+,-.---,-.---,0,-,0,
1,  I   M ,2108,23.07.2024,16:44:54.801,117.0000,-0.1313,-97.34,18.20,57.91,29.67,9948.93,34.20,179.50,118.61,3.87,11.81,8.04,1022.1,----,-.--,-.--,-.-,-.-,-.-,-.-,1.92,3.35,4.39,5.51,5.85,17.89,16.04,48,06 59.49378944' S,107 33.96851132' E,668.59,0.61,23.07.2024,09:45:41.434,6,OK,GPS,0.98,1.70,1.60,54,25KHZ,250,Auto:Low Noise+,-.---,-.---,0,-,0,
1,  I   M ,2109,23.07.2024,16:44:55.051,117.0000,0.0869,-97.76,13.73,56.97,30.37,9895.23,32.45,8.23,145.56,5.19,14.35,7.55,1033.2,----,-.--,-.--,-.-,-.-,-.-,-.-,1.84,3.31,4.36,5.45,5.90,20.08,18.24,48,06 59.49382944' S,107 33.96850632' E,668.64,0.53,23.07.2024,09:45:41.684,6,OK,GPS,0.98,1.70,1.60,54,25KHZ,250,Auto:Low Noise+,-.---,-.---,0,-,0,
1,  I   M ,2110,23.07.2024,16:44:55.301,117.0000,-0.2194,-97.35,19.76,56.72,29.82,9959.74,33.32,348.52,157.99,5.58,12.01,6.18,1019.2,----,-.--,-.--,-.-,-.-,-.-,-.-,1.78,3.24,4.36,5.42,8.87,14.83,15.01,48,06 59.49386944' S,107 33.96850132' E,668.69,0.44,23.07.2024,09:45:41.934,6,OK,GPS,0.98,1.70,1.60,54,25KHZ,250,Auto:Low Noise+,-.---,-.---,0,-,0,
1,  I     ,2111,23.07.2024,16:44:55.551,117.0000,-0.3510,-97.72,18.85,57.84,30.02,9979.33,30.68,315.04,253.16,8.47,14.33,8.28,1005.9,----,-.--,-.--,-.-,-.-,-.-,-.-,1.66,3.10,4.26,5.36,7.39,17.30,17.88,48,06 59.49338848' S,107 33.96860288' E,668.50,0.89,23.07.2024,09:45:42.184,6,OK,GPS,0.98,1.70,1.60,54,25KHZ,250,Auto:Low Noise+,-.---,-.---,0,-,0,
1,  I   M ,2112,23.07.2024,16:44:55.801,117.0000,-0.2041,-97.80,16.84,59.32,30.06,9926.55,31.84,223.62,166.34,6.29,12.73,6.62,1027.3,----,-.--,-.--,-.-,-.-,-.-,-.-,1.66,3.09,4.31,5.36,9.10,17.88,17.02,48,06 59.49331848' S,107 33.96862038' E,668.50,0.92,23.07.2024,09:45:42.434,6,OK,GPS,0.98,1.70,1.60,54,25KHZ,250,Auto:Low Noise+,-.---,-.---,0,-,0,
1,  I     ,2113,23.07.2024,16:44:56.051,117.0000,-0.3448,-97.67,21.64,59.69,30.23,9967.51,31.27,285.51,233.93,8.12,13.01,6.87,1030.6,----,-.--,-.--,-.-,-.-,-.-,-.-,1.66,3.17,4.39,5.39,8.56,16.04,14.95,48,06 59.49324848' S,107 33.96863788' E,668.50,0.95,23.07.2024,09:45:42.684,6,OK,GPS,0.98,1.70,1.60,54,25KHZ,250,Auto:Low Noise+,-.---,-.---,0,-,0,
1,  I   M ,2114,23.07.2024,16:44:56.301,117.0000,-0.0920,-97.61,16.06,59.18,29.97,9925.11,34.52,175.26,228.66,7.52,13.60,8.29,1018.7,----,-.--,-.--,-.-,-.-,-.-,-.-,1.53,3.07,4.32,5.27,7.28,19.90,20.18,48,06 59.49317848' S,107 33.96865538' E,668.50,0.98,23.07.2024,09:45:42.934,6,OK,GPS,0.98,1.70,1.60,54,25KHZ,250,Auto:Low Noise+,-.---,-.---,0,-,0,
1,  I   M ,2115,23.07.2024,16:44:56.551,117.0000,-0.1836,-97.60,18.73,59.50,30.05,9935.28,30.83,349.08,122.64,4.06,14.39,10.04,1026.7,----,-.--,-.--,-.-,-.-,-.-,-.-,1.55,3.02,4.26,5.23,9.98,17.40,17.24,48,06 59.49347552' S,107 33.96859000' E,668.74,0.30,23.07.2024,09:45:43.184,6,OK,GPS,0.98,1.70,1.60,54,25KHZ,250,Auto:Low Noise+,-.---,-.---,0,-,0,
1,  I   M ,2116,23.07.2024,16:44:56.801,117.0000,-0.2717,-97.67,18.61,58.74,29.85,9875.97,31.53,19.48,78.09,3.00,12.95,6.53,1012.6,----,-.--,-.--,-.-,-.-,-.-,-.-,1.57,2.98,4.20,5.18,6.19,18.88,19.66,48,06 59.49348302' S,107 33.96859000' E,668.79,0.18,23.07.2024,09:45:43.434,6,OK,GPS,0.98,1.70,1.60,54,25KHZ,250,Auto:Low Noise+,-.---,-.---,0,-,0,
1,  I   M ,2117,23.07.2024,16:44:57.051,117.0000,-0.2450,-97.71,19.01,55.90,29.72,9989.26,32.35,34.34,204.16,6.58,12.63,8.00,1034.5,----,-.--,-.--,-.-,-.-,-.-,-.-,1.52,2.90,4.09,5.11,6.17,19.34,16.50,48,06 59.49349052' S,107 33.96859000' E,668.84,0.06,23.07.2024,09:45:43.684,6,OK,GPS,0.98,1.70,1.60,54,25KHZ,250,Auto:Low Noise+,-.---,-.---,0,-,0,
1,  I   M ,2118,23.07.2024,16:44:57.301,117.0000,-0.0224,-97.89,17.13,58.14,30.02,9910.17,30.13,352.97,150.98,8.39,13.91,8.58,1017.0,----,-.--,-.--,-.-,-.-,-.-,-.-,1.59,2.95,4.13,5.10,4.07,16.86,14.62,48,06 59.49349802' S,107 33.96859000' E,668.89,-0.06,23.07.2024,09:45:43.934,6,OK,GPS,0.98,1.70,1.60,54,25KHZ,250,Auto:Low Noise+,-.---,-.---,0,-,0,
1,  I   M ,2119,23.07.2024,16:44:57.551,117.0000,-0.4947,-97.95,17.78,58.10,30.47,9877.56,32.30,297.61,138.46,4.27,12.36,7.04,1033.3,----,-.--,-.--,-.-,-.-,-.-,-.-,1.71,3.02,4.20,5.18,7.29,14.75,14.93,48,06 59.49317400' S,107 33.96863736' E,668.70,0.72,23.07.2024,09:45:44.184,6,OK,GPS,0.98,1.70,1.60,54,25KHZ,250,Auto:Low Noise+,-.---,-.---,0,-,0,
1,  I   M ,2120,23.07.2024,16:44:57.801,117.0000,-0.0166,-97.85,16.11,59.18,29.69,9923.01,34.65,190.55,119.99,3.91,14.80,9.62,1043.7,----,-.--,-.--,-.-,-.-,-.-,-.-,1.80,3.07,4.26,5.23,9.16,17.08,16.50,48,06 59.49311150' S,107 33.96864736' E,668.70,0.79,23.07.2024,09:45:44.434,6,OK,GPS,0.98,1.70,1.60,54,25KHZ,250,Auto:Low Noise+,-.---,-.---,0,-,0,
1,  I     ,2121,23.07.2024,16:44:58.051,117.0000,-0.1107,-97.51,16.08,59.89,30.01,9922.06,31.23,32.57,136.13,4.60,14.46,8.80,1016.8,----,-.--,-.--,-.-,-.-,-.-,-.-,1.94,3.10,4.27,5.26,10.40,17.25,16.55,48,06 59.49304900' S,107 33.96865736' E,668.70,0.86,23.07.2024,09:45:44.684,6,OK,GPS,0.98,1.70,1.60,54,25KHZ,250,Auto:Low Noise+,-.---,-.---,0,-,0,
1,  I   M ,2122,23.07.2024,16:44:58.301,117.0000,-0.1035,-97.43,15.76,56.25,29.73,9872.36,26.48,138.43,93.63,7.25,12.68,7.58,1026.5,----,-.--,-.--,-.-,-.-,-.-,-.-,2.00,3.23,4.31,5.31,8.03,15.25,16.55,48,06 59.49298650' S,107 33.96866736' E,668.70,0.93,23.07.2024,09:45:44.934,6,OK,GPS,0.98,1.70,1.60,54,25KHZ,250,Auto:Low Noise+,-.---,-.---,0,-,0,
1,  I   M ,2123,23.07.2024,16:44:58.551,117.0000,-0.5964,-97.61,17.82,58.68,30.14,10021.60,31.78,147.12,149.69,5.02,15.10,9.07,1007.6,----,-.--,-.--,-.-,-.-,-.-,-.-,2.14,3.41,4.45,5.44,6.30,15.93,16.29,48,06 59.49351600' S,107 33.96880760' E,668.46,0.64,23.07.2024,09:45:45.184,6,OK,GPS,1.06,1.73,1.60,54,25KHZ,250,Auto:Low Noise+,-.---,-.---,0,-,0,
1,  I   M ,2124,23.07.2024,16:44:58.801,117.0000,-0.3389,-97.35,21.11,58.59,30.03,9850.38,33.82,220.23,173.45,5.39,13.07,6.65,1035.4,----,-.--,-.--,-.-,-.-,-.-,-.-,2.18,3.47,4.51,5.50,7.29,16.76,16.17,48,06 59.49357850' S,107 33.96884510' E,668.41,0.63,23.07.2024,09:45:45.434,6,OK,GPS,1.06,1.73,1.60,54,25KHZ,250,Auto:Low Noise+,-.---,-.---,0,-,0,
1,  I   M ,2125,23.07.2024,16:44:59.051,117.0000,-0.4460,-97.82,19.16,56.55,29.88,9941.40,27.57,210.33,206.57,14.72,13.54,8.11,1006.2,----,-.--,-.--,-.-,-.-,-.-,-.-,2.20,3.52,4.59,5.56,7.54,16.08,14.98,48,06 59.49364100' S,107 33.96888260' E,668.36,0.62,23.07.2024,09:45:45.684,6,OK,GPS,1.06,1.73,1.60,54,25KHZ,250,Auto:Low Noise+,-.---,-.---,0,-,0,
1,  I   M ,2126,23.07.2024,16:44:59.301,117.0000,-0.2250,-97.57,20.56,58.49,30.31,9991.94,28.65,298.29,193.97,7.08,12.70,7.63,1013.4,----,-.--,-.--,-.-,-.-,-.-,-.-,2.16,3.56,4.59,5.59,6.19,15.94,15.36,48,06 59.49370350' S,107 33.96892010' E,668.31,0.61,23.07.2024,09:45:45.934,6,OK,GPS,1.06,1.73,1.60,54,25KHZ,250,Auto:Low Noise+,-.---,-.---,0,-,0,
1,  I   M ,2127,23.07.2024,16:44:59.551,117.0000,-0.1181,-97.84,15.75,57.76,30.09,9959.76,30.24,198.86,252.09,8.96,12.91,7.96,1020.0,----,-.--,-.--,-.-,-.-,-.-,-.-,2.09,3.66,4.54,5.59,5.77,17.75,18.33,48,06 59.49343448' S,107 33.96892208' E,668.38,0.81,23.07.2024,09:45:46.184,6,OK,GPS,1.06,1.73,1.60,54,25KHZ,250,Auto:Low Noise+,-.---,-.---,0,-,0,
1,  I   M ,2128,23.07.2024,16:44:59.801,117.0000,-0.1000,-98.14,20.84,58.21,29.97,9955.86,30.88,252.98,188.75,5.99,13.82,7.90,1045.5,----,-.--,-.--,-.-,-.-,-.-,-.-,1.93,3.56,4.35,5.49,9.01,19.03,20.98,48,06 59.49342698' S,107 33.96895208' E,668.36,0.85,23.07.2024,09:45:46.434,6,OK,GPS,1.06,1.73,1.60,54,25KHZ,250,Auto:Low Noise+,-.---,-.---,0,-,0,
1,  I   M ,2129,23.07.2024,16:45:00.051,117.0000,-0.3222,-97.70,17.18,56.67,30.12,9877.78,27.84,185.37,165.38,9.61,13.51,7.78,1023.1,----,-.--,-.--,-.-,-.-,-.-,-.-,1.77,3.53,4.28,5.46,9.05,15.04,17.40,48,06 59.49341948' S,107 33.96898208' E,668.33,0.88,23.07.2024,09:45:46.684,6,OK,GPS,1.06,1.73,1.60,54,25KHZ,250,Auto:Low Noise+,-.---,-.---,0,-,0,
1,  I   M ,2130,23.07.2024,16:45:00.301,117.0000,-0.0426,-97.92,19.38,58.04,29.69,9895.97,35.27,14.83,144.44,4.46,13.53,9.22,1014.6,----,-.--,-.--,-.-,-.-,-.-,-.-,1.86,3.55,4.36,5.57,6.04,14.87,14.70,48,06 59.49341198' S,107 33.96901208' E,668.31,0.92,23.07.2024,09:45:46.934,6,OK,GPS,1.06,1.73,1.60,55,25KHZ,250,Auto:Low Noise+,-.---,-.---,0,-,0,
1,  I   M ,2131,23.07.2024,16:45:00.551,117.0000,-0.1228,-97.71,15.51,55.79,29.99,9975.39,29.04,2.42,150.38,6.60,13.47,7.81,1006.4,----,-.--,-.--,-.-,-.-,-.-,-.-,1.75,3.41,4.28,5.47,8.95,21.08,22.69,48,06 59.49309664' S,107 33.96895920' E,668.40,0.94,23.07.2024,09:45:47.184,6,OK,GPS,0.98,1.70,1.60,55,25KHZ,250,Auto:Low Noise+,-.---,-.---,0,-,0,
1,  I   M ,2132,23.07.2024,16:45:00.801,117.0000,-0.1735,-97.71,14.09,58.00,30.16,9937.11,30.13,177.13,131.10,4.80,12.98,6.78,991.8,----,-.--,-.--,-.-,-.-,-.-,-.-,1.82,3.44,4.36,5.53,11.14,16.09,14.98,48,06 59.49302414' S,107 33.96897170' E,668.40,0.98,23.07.2024,09:45:47.434,6,OK,GPS,0.98,1.70,1.60,55,25KHZ,250,Auto:Low Noise+,-.---,-.---,0,-,0,
1,  I     ,2133,23.07.2024,16:45:01.051,117.0000,-0.5911,-97.68,18.74,58.71,30.10,9982.24,30.16,40.93,159.83,6.31,13.05,6.23,1050.1,----,-.--,-.--,-.-,-.-,-.-,-.-,1.88,3.40,4.36,5.45,7.71,16.38,16.41,48,06 59.49295164' S,107 33.96898420' E,668.40,1.01,23.07.2024,09:45:47.684,6,OK,GPS,0.98,1.70,1.60,55,25KHZ,250,Auto:Low Noise+,-.---,-.---,0,-,0,
1,  I     ,2134,23.07.2024,16:45:01.301,117.0000,-0.0139,-97.82,12.93,56.11,29.92,9860.68,36.48,176.64,147.08,4.86,12.09,7.18,1009.3,----,-.--,-.--,-.-,-.-,-.-,-.-,1.85,3.29,4.31,5.31,4.56,15.16,14.91,48,06 59.49287914' S,107 33.96899670' E,668.40,1.04,23.07.2024,09:45:47.934,6,OK,GPS,0.98,1.70,1.60,55,25KHZ,250,Auto:Low Noise+,-.---,-.---,0,-,0,
1,  I   M ,2135,23.07.2024,16:45:01.551,117.0000,-0.3014,-97.73,18.85,56.38,29.48,9893.58,27.88,310.19,216.96,8.32,13.04,9.25,1021.3,----,-.--,-.--,-.-,-.-,-.-,-.-,1.91,3.25,4.35,5.30,8.82,14.93,15.31,48,06 59.49319736' S,107 33.96917496' E,668.40,0.67,23.07.2024,09:45:48.184,6,OK,GPS,0.98,1.70,1.60,55,25KHZ,250,Auto:Low Noise+,-.---,-.---,0,-,0,
1,  I   M ,2136,23.07.2024,16:45:01.801,117.0000,-0.3089,-97.65,18.34,55.36,30.30,9973.59,32.86,31.68,188.54,5.86,13.86,8.09,1035.7,----,-.--,-.--,-.-,-.-,-.-,-.-,1.94,3.29,4.45,5.32,9.25,22.86,20.92,48,06 59.49320736' S,107 33.96922246' E,668.40,0.61,23.07.2024,09:45:48.434,6,OK,GPS,0.98,1.70,1.60,55,25KHZ,250,Auto:Low Noise+,-.---,-.---,0,-,0,
1,  I   M ,2137,23.07.2024,16:45:02.051,117.0000,0.2269,-98.21,19.12,56.66,30.13,9900.70,28.82,321.13,190.93,7.16,13.93,9.12,1022.4,----,-.--,-.--,-.-,-.-,-.-,-.-,2.03,3.30,4.48,5.33,6.33,19.92,20.22,48,06 59.49321736' S,107 33.96926996' E,668.40,0.56,23.07.2024,09:45:48.684,6,OK,GPS,0.98,1.70,1.60,55,25KHZ,250,Auto:Low Noise+,-.---,-.---,0,-,0,
1,  I   M ,2138,23.07.2024,16:45:02.301,117.0000,-0.1391,-97.59,17.72,56.37,29.86,9962.77,29.68,10.47,230.47,8.39,12.90,7.63,1027.0,----,-.--,-.--,-.-,-.-,-.-,-.-,1.97,3.26,4.49,5.28,7.54,19.68,18.50,48,06 59.49322736' S,107 33.96931746' E,668.40,0.51,23.07.2024,09:45:48.934,6,OK,GPS,0.98,1.70,1.60,54,25KHZ,250,Auto:Low Noise+,-.---,-.---,0,-,0,
1,  I   M ,2139,23.07.2024,16:45:02.551,117.0000,-0.2776,-97.62,19.68,57.30,30.17,9931.83,25.08,292.99,180.12,7.66,13.29,7.93,1017.9,----,-.--,-.--,-.-,-.-,-.-,-.-,1.97,3.30,4.50,5.30,8.30,15.40,16.70,48,06 59.49309528' S,107 33.96902160' E,668.76,0.44,23.07.2024,09:45:49.184,6,OK,GPS,0.98,1.70,1.60,54,25KHZ,250,Auto:Low Noise+,-.---,-.---,0,-,0,
1,  I   M ,2140,23.07.2024,16:45:02.801,117.0000,-0.3672,-97.84,15.81,56.77,29.90,9923.01,30.45,204.82,163.57,7.12,12.97,7.63,1028.6,----,-.--,-.--,-.-,-.-,-.-,-.-,1.91,3.29,4.45,5.30,13.00,17.29,17.06,48,06 59.49307528' S,107 33.96899660' E,668.83,0.38,23.07.2024,09:45:49.434,6,OK,GPS,0.98,1.70,1.60,54,25KHZ,250,Auto:Low Noise+,-.---,-.---,0,-,0,
1,  I   M ,2141,23.07.2024,16:45:03.051,117.0000,-0.3369,-97.45,19.84,56.59,29.94,9934.42,33.26,325.04,204.40,7.72,13.34,8.49,1040.8,----,-.--,-.--,-.-,-.-,-.-,-.-,1.94,3.32,4.43,5.42,7.43,16.57,15.19,48,06 59.49305528' S,107 33.96897160' E,668.91,0.32,23.07.2024,09:45:49.684,6,OK,GPS,0.98,1.70,1.60,54,25KHZ,250,Auto:Low Noise+,-.---,-.---,0,-,0,
1,  I   M ,2142,23.07.2024,16:45:03.301,117.0000,0.0412,-98.07,20.03,56.43,29.41,9929.53,32.12,148.95,133.09,4.52,12.52,7.03,992.0,----,-.--,-.--,-.-,-.-,-.-,-.-,1.93,3.33,4.43,5.50,7.60,15.70,14.44,48,06 59.49303528' S,107 33.96894660' E,668.98,0.26,23.07.2024,09:45:49.934,6,OK,GPS,0.98,1.70,1.60,54,25KHZ,250,Auto:Low Noise+,-.---,-.---,0,-,0,
1,  I   M ,2143,23.07.2024,16:45:03.551,117.0000,0.0293,-98.12,19.64,55.34,30.89,9972.08,28.71,302.96,153.05,13.98,13.65,8.47,997.0,----,-.--,-.--,-.-,-.-,-.-,-.-,1.91,3.30,4.43,5.52,12.23,18.73,18.71,48,06 59.49327576' S,107 33.96883872' E,668.82,0.14,23.07.2024,09:45:50.184,6,OK,GPS,0.98,1.70,1.60,54,25KHZ,250,Auto:Low Noise+,-.---,-.---,0,-,0,
1,  I     ,2144,23.07.2024,16:45:03.801,117.0000,-0.1078,-97.61,18.33,53.77,30.11,9853.53,27.19,207.49,237.60,8.87,12.99,7.15,1028.4,----,-.--,-.--,-.-,-.-,-.-,-.-,1.87,3.25,4.43,5.49,11.38,16.68,16.81,48,06 59.49331076' S,107 33.96879622' E,668.84,0.06,23.07.2024,09:45:50.434,6,OK,GPS,0.98,1.70,1.60,54,25KHZ,250,Auto:Low Noise+,-.---,-.---,0,-,0,
1,  I   M ,2145,23.07.2024,16:45:04.051,117.0000,-0.2184,-97.82,18.23,57.09,29.78,9985.98,30.41,138.24,208.02,7.00,14.21,8.51,1034.7,----,-.--,-.--,-.-,-.-,-.-,-.-,1.92,3.34,4.49,5.52,10.39,17.17,18.80,48,06 59.49334576' S,107 33.96875372' E,668.87,-0.01,23.07.2024,09:45:50.684,6,OK,GPS,0.98,1.70,1.60,54,25KHZ,250,Auto:Low Noise+,-.---,-.---,0,-,0,
1,  I   M ,2146,23.07.2024,16:45:04.301,117.0000,-0.1132,-97.93,19.53,56.89,30.03,9947.90,31.06,42.91,175.00,7.23,12.59,7.78,998.7,----,-.--,-.--,-.-,-.-,-.-,-.-,1.92,3.32,4.41,5.50,7.04,16.59,14.47,48,06 59.49338076' S,107 33.96871122' E,668.89,-0.08,23.07.2024,09:45:50.934,6,OK,GPS,0.98,1.70,1.60,54,25KHZ,250,Auto:Low Noise+,-.---,-.---,0,-,0,
1,  I     ,2147,23.07.2024,16:45:04.551,117.0000,-0.0034,-97.90,17.86,57.60,30.22,9995.45,30.25,292.85,166.50,5.90,13.14,6.94,1038.8,----,-.--,-.--,-.-,-.-,-.-,-.-,1.83,3.23,4.34,5.40,10.14,16.42,16.62,48,06 59.49289480' S,107 33.96873976' E,669.04,0.83,23.07.2024,09:45:51.184,6,OK,GPS,0.98,1.70,1.60,55,25KHZ,250,Auto:Low Noise+,-.---,-.---,0,-,0,
1,  I   M ,2148,23.07.2024,16:45:04.801,117.0000,0.0080,-97.89,15.98,58.11,29.74,9927.99,32.53,43.46,197.37,6.86,12.72,7.21,1037.9,----,-.--,-.--,-.-,-.-,-.-,-.-,1.78,3.12,4.26,5.27,8.15,19.82,15.53,48,06 59.49281980' S,107 33.96871226' E,669.09,0.97,23.07.2024,09:45:51.434,6,OK,GPS,0.98,1.70,1.60,55,25KHZ,250,Auto:Low Noise+,-.---,-.---,0,-,0,
1,  I   M ,2149,23.07.2024,16:45:05.051,117.0000,-0.2275,-97.77,16.04,57.88,29.96,9888.20,33.36,159.91,172.46,5.56,13.29,6.94,1013.8,----,-.--,-.--,-.-,-.-,-.-,-.-,1.72,3.11,4.23,5.21,8.04,13.95,12.90,48,06 59.49274480' S,107 33.96868476' E,669.14,1.10,23.07.2024,09:45:51.684,6,OK,GPS,0.98,1.70,1.60,55,25KHZ,250,Auto:Low Noise+,-.---,-.---,0,-,0,
1,  I   M ,2150,23.07.2024,16:45:05.301,117.0000,-0.2842,-98.03,19.94,56.86,30.73,9998.75,29.52,357.43,117.09,4.48,13.00,8.02,996.7,----,-.--,-.--,-.-,-.-,-.-,-.-,1.75,3.19,4.28,5.25,9.72,17.53,16.28,48,06 59.49266980' S,107 33.96865726' E,669.19,1.24,23.07.2024,09:45:51.934,6,OK,GPS,0.98,1.70,1.60,55,25KHZ,250,Auto:Low Noise+,-.---,-.---,0,-,0,
1,  I     ,2151,23.07.2024,16:45:05.551,117.0000,-0.3185,-97.81,17.08,58.92,29.24,9873.71,24.96,153.07,199.70,9.82,13.16,9.17,1023.9,----,-.--,-.--,-.-,-.-,-.-,-.-,1.86,3.28,4.30,5.27,6.21,19.90,19.07,48,06 59.49304480' S,107 33.96884295' E,669.24,0.02,23.07.2024,09:45:52.185,6,OK,GPS,1.06,1.74,1.60,55,25KHZ,250,Auto:Low Noise+,-.---,-.---,0,-,0,
1,  I     ,2152,23.07.2024,16:45:05.801,117.0000,-0.2036,-97.51,20.48,56.27,29.86,9984.46,34.67,322.47,163.38,5.03,12.82,7.72,1021.8,----,-.--,-.--,-.-,-.-,-.-,-.-,1.89,3.30,4.30,5.34,7.99,16.97,15.53,48,06 59.49306480' S,107 33.96886045' E,669.29,-0.13,23.07.2024,09:45:52.435,6,OK,GPS,1.06,1.74,1.60,55,25KHZ,250,Auto:Low Noise+,-.---,-.---,0,-,0,
1,  I   M ,2153,23.07.2024,16:45:06.051,117.0000,-0.0775,-97.73,12.47,59.62,29.93,9934.01,36.13,18.22,251.12,7.04,14.33,7.58,1028.9,----,-.--,-.--,-.-,-.-,-.-,-.-,1.76,3.14,4.21,5.24,8.48,16.88,17.23,48,06 59.49308480' S,107 33.96887795' E,669.34,-0.28,23.07.2024,09:45:52.685,6,OK,GPS,1.06,1.74,1.60,55,25KHZ,250,Auto:Low Noise+,-.---,-.---,0,-,0,
1,  I   M ,2154,23.07.2024,16:45:06.301,117.0000,-0.0361,-97.82,17.47,58.94,30.13,9907.36,26.23,343.16,196.14,8.86,13.70,8.01,1029.3,----,-.--,-.--,-.-,-.-,-.-,-.-,1.73,3.13,4.25,5.24,7.92,15.38,16.17,48,06 59.49310480' S,107 33.96889545' E,669.39,-0.43,23.07.2024,09:45:52.935,6,OK,GPS,1.06,1.74,1.60,55,25KHZ,250,Auto:Low Noise+,-.---,-.---,0,-,0,
1,  I   M ,2155,23.07.2024,16:45:06.551,117.0000,-0.0422,-97.86,18.22,59.11,30.07,9842.63,34.58,140.46,347.64,10.62,13.93,9.22,1027.0,----,-.--,-.--,-.-,-.-,-.-,-.-,1.83,3.19,4.32,5.33,6.76,20.43,19.59,48,06 59.49317220' S,107 33.96891295' E,669.20,0.55,23.07.2024,09:45:53.185,6,OK,GPS,1.06,1.74,1.60,54,25KHZ,250,Auto:Low Noise+,-.---,-.---,0,-,0,
1,  I     ,2156,23.07.2024,16:45:06.801,117.0000,0.0530,-97.12,16.25,61.63,30.04,9969.97,30.52,237.14,220.24,7.29,12.62,7.00,1006.8,----,-.--,-.--,-.-,-.-,-.-,-.-,1.93,3.21,4.35,5.38,8.21,15.99,16.90,48,06 59.49320220' S,107 33.96893045' E,669.20,0.64,23.07.2024,09:45:53.435,6,OK,GPS,1.06,1.74,1.60,54,25KHZ,250,Auto:Low Noise+,-.---,-.---,0,-,0,
1,  I   M ,2157,23.07.2024,16:45:07.051,117.0000,-0.1633,-97.97,16.98,58.95,29.94,9913.41,33.19,210.57,147.40,5.25,11.81,8.36,1017.0,----,-.--,-.--,-.-,-.-,-.-,-.-,1.99,3.23,4.41,5.36,7.67,15.66,15.20,48,06 59.49323220' S,107 33.96894795' E,669.20,0.73,23.07.2024,09:45:53.685,6,OK,GPS,1.06,1.74,1.60,54,25KHZ,250,Auto:Low Noise+,-.---,-.---,0,-,0,
1,  I   M ,2158,23.07.2024,16:45:07.301,117.0000,-0.0525,-97.73,17.38,56.42,30.19,9885.92,29.55,163.06,205.53,7.65,13.49,8.07,992.6,----,-.--,-.--,-.-,-.-,-.-,-.-,1.97,3.19,4.39,5.32,5.26,15.72,16.89,48,06 59.49326220' S,107 33.96896545' E,669.20,0.82,23.07.2024,09:45:53.935,6,OK,GPS,1.06,1.74,1.60,54,25KHZ,250,Auto:Low Noise+,-.---,-.---,0,-,0,
1,  I   M ,2159,23.07.2024,16:45:07.551,117.0000,0.0318,-97.61,19.19,57.17,30.00,9940.25,32.70,184.32,203.11,6.50,13.32,9.02,1027.9,----,-.--,-.--,-.-,-.-,-.-,-.-,1.87,3.13,4.34,5.29,8.32,15.80,17.80,48,06 59.49300780' S,107 33.96886445' E,669.32,0.04,23.07.2024,09:45:54.185,6,OK,GPS,1.06,1.74,1.60,54,25KHZ,250,Auto:Low Noise+,-.---,-.---,0,-,0,
1,  I     ,2160,23.07.2024,16:45:07.801,117.0000,-0.1408,-97.43,21.14,55.25,30.19,9930.86,32.23,6.13,176.27,5.90,13.98,9.02,990.6,----,-.--,-.--,-.-,-.-,-.-,-.-,1.97,3.24,4.44,5.38,7.15,17.04,16.56,48,06 59.49297780' S,107 33.96885695' E,669.34,-0.06,23.07.2024,09:45:54.435,6,OK,GPS,1.06,1.74,1.60,54,25KHZ,250,Auto:Low Noise+,-.---,-.---,0,-,0,
1,  I   M ,2161,23.07.2024,16:45:08.051,117.0000,-0.3512,-97.58,15.08,57.06,30.10,9901.04,30.32,193.17,171.75,6.41,13.27,7.00,1011.2,----,-.--,-.--,-.-,-.-,-.-,-.-,2.10,3.33,4.53,5.50,9.58,15.90,15.26,48,06 59.49294780' S,107 33.96884945' E,669.37,-0.15,23.07.2024,09:45:54.685,6,OK,GPS,1.06,1.74,1.60,54,25KHZ,250,Auto:Low Noise+,-.---,-.---,0,-,0,
1,  I   M ,2162,23.07.2024,16:45:08.301,117.0000,-0.1382,-97.63,21.00,55.07,29.80,9951.45,32.59,216.29,178.14,5.77,13.55,6.42,1025.6,----,-.--,-.--,-.-,-.-,-.-,-.-,2.10,3.32,4.49,5.45,5.71,15.60,15.38,48,06 59.49291780' S,107 33.96884195' E,669.39,-0.24,23.07.2024,09:45:54.935,6,OK,GPS,1.06,1.74,1.60,54,25KHZ,250,Auto:Low Noise+,-.---,-.---,0,-,0,
1,  I   M ,2163,23.07.2024,16:45:08.551,117.0000,-0.5440,-97.58,16.84,56.40,30.61,9937.21,28.11,213.72,210.65,9.10,13.61,9.23,1014.5,----,-.--,-.--,-.-,-.-,-.-,-.-,2.12,3.40,4.56,5.51,6.41,19.95,18.23,48,06 59.49307740' S,107 33.96875150' E,669.42,0.48,23.07.2024,09:45:55.185,6,OK,GPS,1.06,1.74,1.60,54,25KHZ,250,Auto:Low Noise+,-.---,-.---,0,-,0,
1,  I     ,2164,23.07.2024,16:45:08.801,117.0000,-0.2456,-97.10,15.80,57.30,27.82,9925.91,29.72,358.61,134.39,5.51,14.47,7.89,1012.5,----,-.--,-.--,-.-,-.-,-.-,-.-,2.13,3.53,4.66,5.61,12.11,18.59,18.21,48,06 59.49308740' S,107 33.96872650' E,669.44,0.56,23.07.2024,09:45:55.435,6,OK,GPS,1.06,1.74,1.60,54,25KHZ,250,Auto:Low Noise+,-.---,-.---,0,-,0,
1,  I   M ,2165,23.07.2024,16:45:09.051,117.0000,-0.3434,-97.28,16.85,56.15,31.58,9991.65,32.67,351.57,183.20,6.42,11.83,6.38,988.3,----,-.--,-.--,-.-,-.-,-.-,-.-,2.10,3.48,4.64,5.58,11.50,16.57,17.20,48,06 59.49309740' S,107 33.96870150' E,669.47,0.64,23.07.2024,09:45:55.685,6,OK,GPS,1.06,1.74,1.60,54,25KHZ,250,Auto:Low Noise+,-.---,-.---,0,-,0,
1,  I   M ,2166,23.07.2024,16:45:09.301,117.0000,0.0092,-97.32,19.86,58.24,30.13,9908.89,31.07,346.31,207.65,7.63,13.02,9.08,1043.3,----,-.--,-.--,-.-,-.-,-.-,-.-,2.16,3.45,4.64,5.56,7.53,18.26,16.73,48,06 59.49310740' S,107 33.96867650' E,669.49,0.71,23.07.2024,09:45:55.935,6,OK,GPS,1.06,1.74,1.60,54,25KHZ,250,Auto:Low Noise+,-.---,-.---,0,-,0,
1,  I   M ,2167,23.07.2024,16:45:09.551,117.0000,-0.3182,-97.76,20.96,60.44,29.49,9935.89,31.46,3.83,198.34,8.65,14.13,8.10,1038.1,----,-.--,-.--,-.-,-.-,-.-,-.-,2.21,3.45,4.70,5.59,9.03,15.04,15.47,48,06 59.49260785' S,107 33.96859225' E,669.40,0.87,23.07.2024,09:45:56.185,6,OK,GPS,1.06,1.74,1.60,54,25KHZ,250,Auto:Low Noise+,-.---,-.---,0,-,0,
1,  I   M ,2168,23.07.2024,16:45:09.801,117.0000,-0.1230,-97.52,17.58,59.79,29.92,9950.79,31.69,231.90,183.53,6.11,12.50,8.08,991.5,----,-.--,-.--,-.-,-.-,-.-,-.-,2.12,3.36,4.57,5.45,8.40,16.42,15.05,48,06 59.49251035' S,107 33.96855475' E,669.40,0.96,23.07.2024,09:45:56.435,6,OK,GPS,1.06,1.74,1.60,54,25KHZ,250,Auto:Low Noise+,-.---,-.---,0,-,0,
1,  I   M ,2169,23.07.2024,16:45:10.051,117.0000,-0.1225,-97.73,19.05,57.60,30.15,9938.17,27.03,8.95,176.45,6.85,13.31,9.80,996.5,----,-.--,-.--,-.-,-.-,-.-,-.-,2.03,3.31,4.52,5.35,8.62,17.36,15.98,48,06 59.49241285' S,107 33.96851725' E,669.40,1.06,23.07.2024,09:45:56.685,6,OK,GPS,1.06,1.74,1.60,54,25KHZ,250,Auto:Low Noise+,-.---,-.---,0,-,0,
